,ad_id,reporting_start,campaign_id,age,gender,interest1,interest2,interest3,impressions,clicks,spent,total_conversion,approved_conversion,conversion_rate,clr,cpc
0,708746,2017-08-17,916,30-34,M,15,17,17,7350,1,1,2,1,0.00027210884353741496,0.00013605442176870748,1.0
1,708749,2017-08-17,916,30-34,M,16,19,21,17861,2,1,2,0,0.00011197581322434354,0.00011197581322434354,0.5
2,708771,2017-08-17,916,30-34,M,20,25,22,693,0,0,1,0,0.001443001443001443,0.0,0.0
3,708815,2017-08-30,916,30-34,M,28,32,32,4259,1,1,1,0,0.00023479690068091102,0.00023479690068091102,1.0
4,708818,2017-08-17,916,30-34,M,28,33,32,4133,1,1,1,1,0.00024195499637067505,0.00024195499637067505,1.0
5,708820,2017-08-17,916,30-34,M,29,30,30,1915,0,0,1,1,0.0005221932114882506,0.0,0.0
6,708889,2017-08-17,916,30-34,M,15,16,17,15615,3,4,1,0,6.404098623118796e-05,0.00019212295869356388,1.3333333333333333
7,708895,2017-08-17,916,30-34,M,16,20,18,10951,1,1,1,1,9.131586156515387e-05,9.131586156515387e-05,1.0
8,708953,2017-08-17,916,30-34,M,27,31,31,2355,1,1,1,0,0.0004246284501061571,0.0004246284501061571,1.0
9,708958,2017-08-30,916,30-34,M,28,32,31,9502,3,3,1,0,0.00010524100189433803,0.0003157230056830141,1.0
10,708979,2017-08-30,916,30-34,M,31,37,34,1224,0,0,1,0,0.0008169934640522876,0.0,0.0
11,709023,2017-08-29,916,30-34,M,7,8,8,735,0,0,1,0,0.0013605442176870747,0.0,0.0
12,709038,2017-08-29,916,30-34,M,16,20,22,5117,0,0,1,0,0.00019542700801250732,0.0,0.0
13,709040,2017-08-29,916,30-34,M,16,19,21,5120,0,0,1,0,0.0001953125,0.0,0.0
14,709059,2017-08-30,916,30-34,M,20,26,23,14669,7,10,1,1,6.817097279978186e-05,0.000477196809598473,1.4285714285714286
15,709105,2017-08-30,916,30-34,M,28,30,32,1241,0,0,1,1,0.0008058017727639,0.0,0.0
16,709115,2017-08-30,916,30-34,M,30,34,31,2305,1,0,1,0,0.0004338394793926247,0.0004338394793926247,0.0
17,709124,2017-08-30,916,30-34,M,31,34,33,1024,0,0,1,1,0.0009765625,0.0,0.0
18,709179,2017-08-30,916,35-39,M,15,16,17,4627,1,1,1,0,0.0002161227577263886,0.0002161227577263886,1.0
19,709183,2017-08-30,916,35-39,M,16,20,22,21026,4,4,2,1,9.512032721392562e-05,0.00019024065442785123,1.0
20,709320,2017-08-17,916,35-39,M,15,21,20,1422,0,0,1,1,0.0007032348804500703,0.0,0.0
21,709323,2017-08-17,916,35-39,M,15,17,19,7132,2,2,1,0,0.00014021312394840157,0.00028042624789680314,1.0
22,709326,2017-08-18,916,35-39,M,16,22,22,12190,2,3,1,0,8.203445447087777e-05,0.00016406890894175554,1.5
23,709327,2017-08-18,916,35-39,M,16,22,20,12193,2,3,1,1,8.201427048306405e-05,0.0001640285409661281,1.5
24,709328,2017-08-18,916,35-39,M,16,19,18,3332,0,0,1,1,0.00030012004801920766,0.0,0.0
25,709455,2017-08-18,916,35-39,M,7,12,10,559,0,0,1,0,0.0017889087656529517,0.0,0.0
26,709544,2017-08-18,916,35-39,M,29,33,32,7440,2,2,1,1,0.00013440860215053763,0.00026881720430107527,1.0
27,709614,2017-08-19,916,40-44,M,16,19,20,19113,4,5,1,0,5.232041019201591e-05,0.00020928164076806363,1.25
28,709756,2017-08-19,916,40-44,M,16,21,21,10976,2,1,1,1,9.110787172011662e-05,0.00018221574344023323,0.5
29,709761,2017-08-18,916,40-44,M,16,19,20,2861,0,0,1,0,0.0003495281370150297,0.0,0.0
30,709899,2017-08-18,916,40-44,M,15,18,20,1398,0,0,1,1,0.000715307582260372,0.0,0.0
31,709901,2017-08-18,916,40-44,M,16,18,20,23817,7,8,1,1,4.1986816139732125e-05,0.0002939077129781249,1.1428571428571428
32,710045,2017-08-17,916,45-49,M,16,22,17,47224,12,15,1,0,2.1175673386413687e-05,0.00025410808063696424,1.25
33,710088,2017-08-17,916,45-49,M,24,26,27,2283,1,1,1,0,0.0004380201489268506,0.0004380201489268506,1.0
34,710360,2017-08-17,916,45-49,M,21,26,24,2182,1,1,1,1,0.00045829514207149406,0.00045829514207149406,1.0
35,710477,2017-08-17,916,30-34,F,16,19,19,2654,0,0,1,1,0.00037678975131876413,0.0,0.0
36,710480,2017-08-17,916,30-34,F,16,21,20,57665,14,18,1,1,1.7341541663053846e-05,0.00024278158328275385,1.2857142857142858
37,710571,2017-08-18,916,30-34,F,32,37,38,3091,1,1,1,1,0.00032351989647363315,0.00032351989647363315,1.0
38,710617,2017-08-18,916,30-34,F,15,19,16,5014,1,1,1,0,0.00019944156362185878,0.00019944156362185878,1.0
39,710623,2017-08-18,916,30-34,F,16,19,20,38726,7,9,1,0,2.5822444869080204e-05,0.00018075711408356142,1.2857142857142858
40,710628,2017-08-17,916,30-34,F,18,24,22,1473,0,0,1,0,0.0006788866259334691,0.0,0.0
41,710682,2017-08-29,916,30-34,F,27,33,32,1186,0,0,1,0,0.0008431703204047217,0.0,0.0
42,710763,2017-08-29,916,30-34,F,15,19,17,5369,1,1,1,0,0.00018625442354255913,0.00018625442354255913,1.0
43,710836,2017-08-27,916,30-34,F,29,33,31,22221,7,9,1,1,4.5002475136132486e-05,0.0003150173259529274,1.2857142857142858
44,710867,2017-08-26,916,30-34,F,63,64,68,1185,0,0,1,0,0.0008438818565400844,0.0,0.0
45,710880,2017-08-26,916,30-34,F,65,70,68,13019,5,6,1,0,7.681081496274676e-05,0.00038405407481373376,1.2
46,710961,2017-08-27,916,35-39,F,25,29,26,2508,1,1,1,0,0.00039872408293460925,0.00039872408293460925,1.0
47,710968,2017-08-27,916,35-39,F,27,31,29,5864,2,2,1,1,0.00017053206002728513,0.00034106412005457026,1.0
48,711217,2017-08-27,916,35-39,F,20,26,23,2783,1,1,1,0,0.00035932446999640676,0.00035932446999640676,1.0
49,711623,2017-08-27,916,40-44,F,15,18,20,3812,1,1,2,1,0.0005246589716684155,0.00026232948583420777,1.0
50,711764,2017-08-27,916,45-49,F,10,16,11,11199,4,5,1,1,8.92936869363336e-05,0.0003571747477453344,1.25
51,711785,2017-08-26,916,45-49,F,19,25,23,292,0,0,1,0,0.003424657534246575,0.0,0.0
52,711877,2017-08-26,916,45-49,F,63,67,65,17572,7,9,1,0,5.690871841566128e-05,0.00039836102890962894,1.2857142857142858
53,712052,2017-08-25,916,45-49,F,10,13,11,1448,0,0,1,1,0.0006906077348066298,0.0,0.0
54,734209,2017-08-25,936,30-34,M,10,16,14,1772,0,0,1,1,0.000564334085778781,0.0,0.0
55,734210,2017-08-25,936,30-34,M,10,16,13,13329,4,5,1,1,7.502438292445044e-05,0.00030009753169780176,1.25
56,734215,2017-08-26,936,30-34,M,15,19,17,13659,3,3,1,0,7.321180174244088e-05,0.00021963540522732265,1.0
57,734243,2017-08-26,936,30-34,M,21,23,24,739,0,0,1,1,0.0013531799729364006,0.0,0.0
58,734266,2017-08-26,936,30-34,M,25,30,27,605,0,0,1,0,0.001652892561983471,0.0,0.0
59,734272,2017-08-26,936,30-34,M,26,32,29,1030,0,0,1,0,0.000970873786407767,0.0,0.0
60,734290,2017-08-26,936,30-34,M,29,32,35,5374,1,1,4,0,0.000744324525493115,0.00018608113137327876,1.0
61,734313,2017-08-26,936,30-34,M,36,38,38,790,0,0,1,1,0.0012658227848101266,0.0,0.0
62,734314,2017-08-27,936,30-34,M,36,38,38,962,0,0,1,0,0.0010395010395010396,0.0,0.0
63,734352,2017-08-27,936,35-39,M,10,11,16,4423,1,1,1,1,0.00022609088853719196,0.00022609088853719196,1.0
64,734361,2017-08-29,936,35-39,M,16,19,19,12382,2,2,1,1,8.076239702794379e-05,0.00016152479405588758,1.0
65,734381,2017-08-29,936,35-39,M,20,25,24,2938,1,1,1,1,0.0003403675970047651,0.0003403675970047651,1.0
66,734399,2017-08-28,936,35-39,M,23,24,27,239,0,0,1,0,0.0041841004184100415,0.0,0.0
67,734418,2017-08-29,936,35-39,M,26,27,28,591,0,0,1,0,0.001692047377326565,0.0,0.0
68,734421,2017-08-29,936,35-39,M,27,29,32,10332,4,5,1,0,9.678668215253581e-05,0.00038714672861014324,1.25
69,734427,2017-08-29,936,35-39,M,28,29,31,8259,3,3,1,0,0.0001210800339024095,0.0003632401017072285,1.0
70,734433,2017-08-29,936,35-39,M,29,35,31,12158,3,4,1,0,8.225037012666557e-05,0.0002467511103799967,1.3333333333333333
71,734582,2017-08-29,936,40-44,M,29,33,33,7709,2,1,2,0,0.0002594370216629913,0.0002594370216629913,0.5
72,734605,2017-08-28,936,40-44,M,36,37,41,834,0,0,1,0,0.001199040767386091,0.0,0.0
73,734660,2017-08-28,936,45-49,M,18,22,23,1299,0,0,2,0,0.001539645881447267,0.0,0.0
74,734666,2017-08-28,936,45-49,M,19,24,20,371,0,0,1,0,0.0026954177897574125,0.0,0.0
75,734726,2017-08-28,936,45-49,M,29,30,35,10466,3,4,1,0,9.554748710108924e-05,0.0002866424613032677,1.3333333333333333
76,734737,2017-08-27,936,45-49,M,31,37,33,839,0,0,1,0,0.0011918951132300357,0.0,0.0
77,734785,2017-08-28,936,30-34,F,10,13,13,5576,1,1,1,1,0.0001793400286944046,0.0001793400286944046,1.0
78,734794,2017-08-28,936,30-34,F,16,19,17,4010,0,0,1,0,0.00024937655860349125,0.0,0.0
79,734796,2017-08-28,936,30-34,F,16,22,17,39337,7,10,1,1,2.542135902585352e-05,0.00017794951318097466,1.4285714285714286
80,734800,2017-08-28,936,30-34,F,18,20,20,1635,0,0,1,0,0.0006116207951070336,0.0,0.0
81,734803,2017-08-28,936,30-34,F,18,19,21,1631,0,0,1,0,0.0006131207847946045,0.0,0.0
82,734852,2017-08-28,936,30-34,F,26,30,29,13479,3,4,1,0,7.418947993174568e-05,0.00022256843979523704,1.3333333333333333
83,734854,2017-08-19,936,30-34,F,27,33,32,57022,13,20,3,3,5.261127284206096e-05,0.0002279821823155975,1.5384615384615385
84,734856,2017-08-19,936,30-34,F,27,28,32,5453,1,1,1,1,0.00018338529249954154,0.00018338529249954154,1.0
85,734866,2017-08-20,936,30-34,F,29,32,31,11803,3,4,1,0,8.472422265525714e-05,0.0002541726679657714,1.3333333333333333
86,734881,2017-08-20,936,30-34,F,31,32,34,4259,1,1,1,1,0.00023479690068091102,0.00023479690068091102,1.0
87,734901,2017-08-20,936,30-34,F,64,70,68,1554,0,0,1,0,0.0006435006435006435,0.0,0.0
88,734903,2017-08-20,936,30-34,F,64,69,67,5323,1,1,1,1,0.00018786398647379298,0.00018786398647379298,1.0
89,734925,2017-08-20,936,35-39,F,10,11,12,5024,1,1,1,1,0.00019904458598726116,0.00019904458598726116,1.0
90,734939,2017-08-20,936,35-39,F,16,19,22,104648,24,33,4,2,3.822337741762862e-05,0.00022934026450577172,1.375
91,734968,2017-08-20,936,35-39,F,22,25,27,8504,3,3,1,1,0.00011759172154280339,0.0003527751646284102,1.0
92,734999,2017-08-20,936,35-39,F,27,32,32,20277,6,8,1,0,4.9316960102579274e-05,0.00029590176061547566,1.3333333333333333
93,735014,2017-08-19,936,35-39,F,29,34,30,12403,4,5,1,1,8.062565508344755e-05,0.0003225026203337902,1.25
94,735032,2017-08-19,936,35-39,F,32,33,34,498,0,0,1,1,0.002008032128514056,0.0,0.0
95,735033,2017-08-18,936,35-39,F,36,40,40,652,0,0,0,0,0.0,0.0,0.0
96,735043,2017-08-18,936,35-39,F,63,65,69,1357,0,0,1,1,0.0007369196757553427,0.0,0.0
97,735048,2017-08-18,936,35-39,F,64,65,68,1393,0,0,1,0,0.0007178750897343862,0.0,0.0
98,735065,2017-08-19,936,40-44,F,7,10,12,648,0,0,1,0,0.0015432098765432098,0.0,0.0
99,735109,2017-08-19,936,40-44,F,21,26,25,708,0,0,1,1,0.0014124293785310734,0.0,0.0
100,735140,2017-08-19,936,40-44,F,26,27,31,6907,2,2,1,0,0.00014478065730418415,0.0002895613146083683,1.0
101,735143,2017-08-19,936,40-44,F,27,28,30,39035,13,19,1,0,2.5618035096708083e-05,0.0003330344562572051,1.4615384615384615
102,735151,2017-08-19,936,40-44,F,28,30,31,926,0,0,1,0,0.0010799136069114472,0.0,0.0
103,735184,2017-08-19,936,40-44,F,63,66,67,4412,1,1,1,0,0.00022665457842248413,0.00022665457842248413,1.0
104,735189,2017-08-21,936,40-44,F,64,65,66,9965,3,4,1,0,0.00010035122930255896,0.00030105368790767686,1.3333333333333333
105,735213,2017-08-21,936,45-49,F,10,16,11,73634,23,32,1,0,1.3580682836733031e-05,0.0003123557052448597,1.391304347826087
106,735220,2017-08-18,936,45-49,F,15,17,17,69708,20,31,1,0,1.4345555746829633e-05,0.0002869111149365926,1.55
107,735242,2017-08-18,936,45-49,F,19,25,21,530,0,0,1,0,0.0018867924528301887,0.0,0.0
108,735247,2017-08-18,936,45-49,F,20,24,25,14257,6,8,1,0,7.014098337658694e-05,0.00042084590025952165,1.3333333333333333
109,735289,2017-08-18,936,45-49,F,27,30,30,20362,5,9,1,1,4.9111089283960316e-05,0.0002455554464198016,1.8
110,735290,2017-08-18,936,45-49,F,27,29,33,12215,4,6,1,0,8.186655751125665e-05,0.0003274662300450266,1.5
111,735298,2017-08-18,936,45-49,F,29,31,32,85412,28,38,2,1,2.341591345478387e-05,0.0003278227883669742,1.3571428571428572
112,736869,2017-08-18,936,30-34,M,2,6,8,2338,1,0,1,0,0.000427715996578272,0.000427715996578272,0.0
113,736890,2017-08-18,936,30-34,M,15,16,20,2522,0,0,1,0,0.0003965107057890563,0.0,0.0
114,736893,2017-08-18,936,30-34,M,16,17,17,3587,0,0,1,0,0.00027878449958182325,0.0,0.0
115,736977,2017-08-18,936,30-34,M,27,30,28,1273,0,0,1,0,0.0007855459544383347,0.0,0.0
116,736988,2017-08-21,936,30-34,M,28,29,29,3891,1,1,1,0,0.00025700334104343357,0.00025700334104343357,1.0
117,736995,2017-08-21,936,30-34,M,29,34,34,1888,0,0,1,0,0.0005296610169491525,0.0,0.0
118,736997,2017-08-21,936,30-34,M,29,32,33,1895,0,0,1,0,0.0005277044854881266,0.0,0.0
119,737097,2017-08-21,936,35-39,M,7,10,11,715,0,0,1,0,0.0013986013986013986,0.0,0.0
120,737130,2017-08-21,936,35-39,M,16,19,18,11199,2,2,1,0,8.92936869363336e-05,0.0001785873738726672,1.0
121,737320,2017-08-18,936,35-39,M,63,64,66,5676,2,3,1,0,0.00017618040873854828,0.00035236081747709656,1.5
122,737375,2017-08-21,936,40-44,M,10,11,11,1415,0,0,1,0,0.0007067137809187279,0.0,0.0
123,737524,2017-08-21,936,40-44,M,30,34,33,2148,1,1,1,1,0.0004655493482309125,0.0004655493482309125,1.0
124,737644,2017-08-21,936,45-49,M,16,22,17,45401,10,14,1,0,2.2025946565053634e-05,0.00022025946565053632,1.4
125,737657,2017-08-18,936,45-49,M,18,23,20,7478,2,2,1,1,0.0001337255950788981,0.0002674511901577962,1.0
126,737658,2017-08-18,936,45-49,M,18,19,24,4919,1,1,1,0,0.00020329335230737954,0.00020329335230737954,1.0
127,737674,2017-08-20,936,45-49,M,20,21,24,533,0,0,1,1,0.001876172607879925,0.0,0.0
128,737766,2017-08-20,936,45-49,M,29,33,33,1447,0,0,1,1,0.000691085003455425,0.0,0.0
129,737896,2017-08-20,936,30-34,F,16,21,22,17553,3,4,1,0,5.697031846408021e-05,0.00017091095539224064,1.3333333333333333
130,737931,2017-08-20,936,30-34,F,20,26,24,3343,1,0,1,0,0.0002991325157044571,0.0002991325157044571,0.0
131,737961,2017-08-20,936,30-34,F,23,29,28,523,0,0,1,0,0.0019120458891013384,0.0,0.0
132,737995,2017-08-20,936,30-34,F,26,27,31,1873,0,0,1,0,0.0005339028296849973,0.0,0.0
133,738006,2017-08-20,936,30-34,F,27,29,32,34740,7,13,1,1,2.878526194588371e-05,0.00020149683362118595,1.8571428571428572
134,738067,2017-08-20,936,30-34,F,32,37,36,658,0,0,1,0,0.001519756838905775,0.0,0.0
135,738098,2017-08-20,936,30-34,F,64,70,68,1539,0,0,1,0,0.000649772579597141,0.0,0.0
136,738307,2017-08-20,936,35-39,F,31,36,36,3010,1,0,1,1,0.0003322259136212625,0.0003322259136212625,0.0
137,738389,2017-08-19,936,40-44,F,10,16,12,27081,9,10,1,1,3.692625826225029e-05,0.00033233632436025255,1.1111111111111112
138,738408,2017-08-19,936,40-44,F,16,22,22,20233,4,5,3,0,0.0001482726239312015,0.00019769683190826867,1.25
139,738413,2017-08-19,936,40-44,F,16,17,19,147159,36,58,3,1,2.0386112979838136e-05,0.00024463335575805763,1.6111111111111112
140,738423,2017-08-19,936,40-44,F,18,20,24,21664,7,10,1,1,4.615952732644018e-05,0.00032311669128508124,1.4285714285714286
141,738436,2017-08-19,936,40-44,F,19,21,20,9112,4,5,1,1,0.00010974539069359087,0.0004389815627743635,1.25
142,738463,2017-08-20,936,40-44,F,21,23,24,542,0,0,1,0,0.0018450184501845018,0.0,0.0
143,738528,2017-08-19,936,40-44,F,30,34,33,402,0,0,1,1,0.0024875621890547263,0.0,0.0
144,738560,2017-08-19,936,40-44,F,64,70,66,1338,0,0,1,0,0.0007473841554559044,0.0,0.0
145,738582,2017-08-19,936,45-49,F,10,16,12,46150,15,20,1,1,2.1668472372697723e-05,0.0003250270855904659,1.3333333333333333
146,738592,2017-08-20,936,45-49,F,16,22,20,493821,116,176,4,1,8.100101048760583e-06,0.0002349029304140569,1.5172413793103448
147,738593,2017-08-20,936,45-49,F,16,17,21,92011,27,34,2,1,2.173653150166828e-05,0.00029344317527252176,1.2592592592592593
148,738598,2017-08-21,936,45-49,F,18,23,24,12956,4,5,1,1,7.718431614695894e-05,0.00030873726458783575,1.25
149,738606,2017-08-21,936,45-49,F,19,20,23,529,0,0,1,0,0.001890359168241966,0.0,0.0
150,738637,2017-08-21,936,45-49,F,24,26,30,944,1,1,1,0,0.001059322033898305,0.001059322033898305,1.0
151,738648,2017-08-18,936,45-49,F,26,30,27,111090,38,51,5,1,4.500855162480871e-05,0.0003420649923485462,1.3421052631578947
152,747212,2017-08-18,936,30-34,M,10,16,14,7208,2,3,1,0,0.00013873473917869035,0.0002774694783573807,1.5
153,747213,2017-08-18,936,30-34,M,10,12,11,1746,0,0,1,0,0.000572737686139748,0.0,0.0
154,747220,2017-08-18,936,30-34,M,15,17,16,2474,0,0,2,2,0.0008084074373484236,0.0,0.0
155,747222,2017-08-18,936,30-34,M,16,22,20,12489,2,1,1,0,8.007046200656577e-05,0.00016014092401313155,0.5
156,747223,2017-08-18,936,30-34,M,16,18,18,8032,1,0,2,0,0.000249003984063745,0.0001245019920318725,0.0
157,747248,2017-08-21,936,30-34,M,21,24,24,472,0,0,1,1,0.00211864406779661,0.0,0.0
158,747332,2017-08-21,936,30-34,M,64,68,65,792,0,0,1,1,0.0012626262626262627,0.0,0.0
159,747362,2017-08-21,936,35-39,M,15,16,18,4607,1,1,1,1,0.00021706099413935315,0.00021706099413935315,1.0
160,747369,2017-08-21,936,35-39,M,16,17,21,13355,2,3,1,1,7.487832272557094e-05,0.00014975664545114188,1.5
161,747370,2017-08-20,936,35-39,M,16,17,19,2936,0,0,1,0,0.0003405994550408719,0.0,0.0
162,747401,2017-08-21,936,35-39,M,22,25,25,2793,1,0,1,1,0.00035803795202291446,0.00035803795202291446,0.0
163,747435,2017-08-21,936,35-39,M,28,29,30,1032,0,0,1,0,0.0009689922480620155,0.0,0.0
164,747439,2017-08-21,936,35-39,M,29,35,33,1662,0,0,1,1,0.0006016847172081829,0.0,0.0
165,747489,2017-08-21,936,40-44,M,2,7,6,4016,2,1,1,1,0.000249003984063745,0.00049800796812749,0.5
166,747514,2017-08-21,936,40-44,M,16,20,17,14843,3,2,1,1,6.737182510274203e-05,0.0002021154753082261,0.6666666666666666
167,747645,2017-08-21,936,45-49,M,10,14,13,9674,3,4,1,1,0.00010336985734959685,0.0003101095720487906,1.3333333333333333
168,747659,2017-08-25,936,45-49,M,16,21,17,12186,2,2,1,0,8.206138191367142e-05,0.00016412276382734285,1.0
169,747675,2017-08-25,936,45-49,M,20,22,21,673,0,0,1,0,0.0014858841010401188,0.0,0.0
170,747678,2017-08-25,936,45-49,M,21,27,23,370,0,0,1,1,0.002702702702702703,0.0,0.0
171,747712,2017-08-24,936,45-49,M,26,30,29,450,0,0,1,1,0.0022222222222222222,0.0,0.0
172,747790,2017-08-24,936,30-34,F,10,12,14,2077,0,0,1,1,0.00048146364949446316,0.0,0.0
173,747791,2017-08-25,936,30-34,F,10,14,13,31393,8,10,1,1,3.185423502054598e-05,0.00025483388016436787,1.25
174,747795,2017-08-25,936,30-34,F,15,21,18,8410,2,2,1,1,0.00011890606420927467,0.00023781212841854935,1.0
175,747798,2017-08-25,936,30-34,F,16,21,20,25884,5,7,1,0,3.863390511512904e-05,0.00019316952557564519,1.4
176,747824,2017-08-25,936,30-34,F,21,24,23,608,0,0,1,1,0.001644736842105263,0.0,0.0
177,747828,2017-08-25,936,30-34,F,22,24,24,28488,10,9,1,0,3.5102499297950014e-05,0.00035102499297950013,0.9
178,747852,2017-08-24,936,30-34,F,26,32,32,10126,3,4,1,0,9.875567845151097e-05,0.0002962670353545329,1.3333333333333333
179,747859,2017-08-24,936,30-34,F,27,32,33,22572,5,8,1,0,4.430267588162325e-05,0.00022151337940811626,1.6
180,747863,2017-08-24,936,30-34,F,27,30,33,1955,0,0,1,1,0.0005115089514066496,0.0,0.0
181,747879,2017-08-24,936,30-34,F,30,36,31,493,0,0,1,0,0.002028397565922921,0.0,0.0
182,747903,2017-08-24,936,30-34,F,63,69,69,1491,0,0,1,1,0.0006706908115358819,0.0,0.0
183,747911,2017-08-24,936,30-34,F,64,66,66,1495,0,0,1,1,0.0006688963210702341,0.0,0.0
184,747968,2017-08-24,936,35-39,F,21,27,24,512,0,0,0,0,0.0,0.0,0.0
185,747991,2017-08-24,936,35-39,F,25,31,27,4868,2,2,1,0,0.00020542317173377156,0.0004108463434675431,1.0
186,748000,2017-08-24,936,35-39,F,26,27,32,6585,2,2,1,0,0.00015186028853454822,0.00030372057706909645,1.0
187,748007,2017-08-24,936,35-39,F,27,29,28,10164,2,3,1,1,9.838646202282565e-05,0.0001967729240456513,1.5
188,748014,2017-08-24,936,35-39,F,29,31,35,11182,4,4,1,0,8.942944017170452e-05,0.0003577177606868181,1.0
189,748045,2017-08-25,936,35-39,F,63,69,64,1238,0,0,1,0,0.0008077544426494346,0.0,0.0
190,748086,2017-08-25,936,40-44,F,16,19,18,34127,8,13,1,0,2.9302311952413044e-05,0.00023441849561930435,1.625
191,748087,2017-08-26,936,40-44,F,16,22,19,29466,7,10,2,0,6.787483879725786e-05,0.0002375619357904025,1.4285714285714286
192,748089,2017-08-26,936,40-44,F,16,18,21,38759,9,10,1,0,2.580045924817462e-05,0.00023220413323357157,1.1111111111111112
193,748091,2017-08-26,936,40-44,F,16,17,19,41720,10,12,1,1,2.3969319271332693e-05,0.00023969319271332693,1.2
194,748225,2017-08-26,936,45-49,F,15,16,17,18602,5,8,1,0,5.375766046661649e-05,0.00026878830233308245,1.6
195,748230,2017-08-26,936,45-49,F,16,17,20,83929,21,27,4,1,4.7659331101287994e-05,0.00025021148828176194,1.2857142857142858
196,748231,2017-08-27,936,45-49,F,16,18,21,25194,6,7,1,0,3.9691990156386444e-05,0.00023815194093831864,1.1666666666666667
197,748233,2017-08-27,936,45-49,F,16,22,18,78627,19,26,1,0,1.2718277436504e-05,0.000241647271293576,1.368421052631579
198,748235,2017-08-26,936,45-49,F,16,18,19,102695,25,39,3,0,2.9212717269584694e-05,0.00024343931057987245,1.56
199,748294,2017-08-26,936,45-49,F,27,32,31,82827,24,47,3,0,3.6220073164547794e-05,0.00028976058531638235,1.9583333333333333
200,748295,2017-08-26,936,45-49,F,27,31,32,9240,3,6,1,0,0.00010822510822510823,0.0003246753246753247,2.0
201,748303,2017-08-25,936,45-49,F,29,32,33,7706,2,2,1,0,0.00012976901116013495,0.0002595380223202699,1.0
202,748314,2017-08-25,936,45-49,F,31,34,32,7821,4,6,1,1,0.00012786088735455825,0.000511443549418233,1.5
203,748341,2017-08-25,936,45-49,F,64,67,68,1363,0,0,1,1,0.0007336757153338225,0.0,0.0
204,776318,2017-08-25,936,45-49,F,15,16,19,3569,0,0,1,1,0.0002801905295601009,0.0,0.0
205,776322,2017-08-25,936,45-49,F,16,21,20,119063,34,53,1,0,8.398914860200063e-06,0.0002855631052468021,1.5588235294117647
206,776323,2017-08-26,936,45-49,F,16,17,18,99078,23,35,2,0,2.0186115989422476e-05,0.00023214033387835846,1.5217391304347827
207,776325,2017-08-26,936,45-49,F,16,19,20,452398,114,180,1,0,2.210443016989465e-06,0.00025199050393679903,1.5789473684210527
208,776334,2017-08-26,936,45-49,F,10,12,16,191223,48,76,1,0,5.229496451786658e-06,0.00025101582968575954,1.5833333333333333
209,776336,2017-08-26,936,45-49,F,10,15,14,22216,6,9,1,0,4.501260352898812e-05,0.0002700756211739287,1.5
210,776338,2017-08-23,936,45-49,F,10,12,11,48291,11,18,1,0,2.070779234225839e-05,0.00022778571576484232,1.6363636363636365
211,776353,2017-08-23,936,40-44,F,63,66,67,27559,8,13,1,0,3.6285786857288e-05,0.000290286294858304,1.625
212,776373,2017-08-21,936,45-49,F,25,27,27,10194,4,4,2,1,0.00019619383951343929,0.00039238767902687857,1.0
213,776383,2017-08-21,936,45-49,F,23,27,29,1168,0,0,1,1,0.0008561643835616438,0.0,0.0
214,776405,2017-08-21,936,45-49,F,21,25,22,40126,16,25,1,0,2.4921497283556795e-05,0.0003987439565369087,1.5625
215,776416,2017-08-21,936,45-49,F,19,22,20,3659,1,0,1,1,0.00027329871549603714,0.00027329871549603714,0.0
216,776430,2017-08-22,936,30-34,M,10,14,16,3200,0,0,1,0,0.0003125,0.0,0.0
217,776464,2017-08-22,936,45-49,F,29,30,31,7550,1,1,1,1,0.00013245033112582781,0.00013245033112582781,1.0
218,776469,2017-08-22,936,45-49,F,28,33,29,45397,15,25,1,1,2.2027887305328548e-05,0.0003304183095799282,1.6666666666666667
219,776473,2017-08-22,936,30-34,M,16,22,22,23086,2,3,1,1,4.331629559040111e-05,8.663259118080222e-05,1.5
220,776475,2017-08-21,936,30-34,M,16,21,20,16425,1,1,1,0,6.0882800608828e-05,6.0882800608828e-05,1.0
221,776476,2017-08-21,936,30-34,M,16,17,18,43756,5,5,0,0,0.0,0.00011427004296553616,1.0
222,776477,2017-08-21,936,30-34,M,16,22,17,9982,0,0,1,0,0.00010018032458425165,0.0,0.0
223,776489,2017-08-21,936,45-49,F,26,31,28,175389,55,81,1,0,5.701611845668771e-06,0.00031358865151178236,1.4727272727272727
224,776494,2017-08-21,936,30-34,M,15,16,16,7015,0,0,1,0,0.00014255167498218105,0.0,0.0
225,776515,2017-08-21,936,45-49,F,65,68,68,12706,3,4,1,1,7.870297497245396e-05,0.00023610892491736187,1.3333333333333333
226,776519,2017-08-21,936,45-49,F,65,71,67,70702,20,31,1,0,1.4143871460496168e-05,0.00028287742920992336,1.55
227,776533,2017-08-21,936,45-49,F,63,64,68,63927,16,25,2,0,3.1285685234720856e-05,0.00025028548187776685,1.5625
228,776534,2017-08-21,936,45-49,F,63,69,67,15105,3,4,1,0,6.6203243958954e-05,0.00019860973187686197,1.3333333333333333
229,776538,2017-08-21,936,30-34,F,15,16,19,8774,1,1,1,0,0.00011397310234784591,0.00011397310234784591,1.0
230,776551,2017-08-21,936,30-34,F,16,18,22,14459,1,1,1,0,6.916107614634484e-05,6.916107614634484e-05,1.0
231,776552,2017-08-22,936,30-34,F,16,17,18,21596,2,2,1,0,4.630487127245786e-05,9.260974254491573e-05,1.0
232,776553,2017-08-22,936,30-34,F,16,21,17,66765,8,11,1,0,1.4977907586310192e-05,0.00011982326069048154,1.375
233,776563,2017-08-23,936,30-34,F,7,9,13,1369,0,0,1,1,0.0007304601899196494,0.0,0.0
234,776579,2017-08-23,936,30-34,F,10,13,14,26910,5,7,1,0,3.716090672612412e-05,0.0001858045336306206,1.4
235,776603,2017-08-23,936,30-34,F,2,3,6,506,0,0,1,0,0.001976284584980237,0.0,0.0
236,776615,2017-08-23,936,45-49,M,63,66,68,11988,3,4,1,0,8.341675008341675e-05,0.00025025025025025025,1.3333333333333333
237,776623,2017-08-23,936,45-49,M,64,69,65,19353,6,9,1,1,5.167157546633597e-05,0.0003100294527980158,1.5
238,776631,2017-08-23,936,40-44,M,29,35,33,10960,2,2,1,0,9.124087591240875e-05,0.0001824817518248175,1.0
239,776643,2017-08-23,936,30-34,M,15,18,18,33491,6,10,2,1,5.971753605446239e-05,0.00017915260816338719,1.6666666666666667
240,776644,2017-08-23,936,30-34,M,15,21,20,20083,2,3,2,1,9.958671513220136e-05,9.958671513220136e-05,1.5
241,776659,2017-08-23,936,30-34,M,16,19,22,8817,0,0,1,1,0.00011341726210729273,0.0,0.0
242,776661,2017-08-23,936,30-34,M,16,18,22,15466,1,0,1,0,6.46579593948015e-05,6.46579593948015e-05,0.0
243,776662,2017-08-22,936,30-34,M,16,18,22,27072,3,4,1,0,3.693853427895981e-05,0.00011081560283687943,1.3333333333333333
244,776663,2017-08-22,936,30-34,M,16,19,22,15753,1,0,1,1,6.347997206881229e-05,6.347997206881229e-05,0.0
245,776668,2017-08-22,936,40-44,M,19,21,24,3523,1,1,1,1,0.0002838489923360772,0.0002838489923360772,1.0
246,776685,2017-08-22,936,40-44,M,16,22,17,7745,0,0,1,0,0.0001291155584247902,0.0,0.0
247,776686,2017-08-22,936,40-44,M,16,17,21,18709,2,3,1,0,5.345021112833396e-05,0.00010690042225666791,1.5
248,776687,2017-08-23,936,40-44,M,16,20,20,8022,0,0,2,1,0.0002493143854400399,0.0,0.0
249,776696,2017-08-22,936,30-34,M,10,11,12,7966,1,1,1,1,0.00012553351744915893,0.00012553351744915893,1.0
250,776697,2017-08-22,936,30-34,M,10,14,13,4132,0,0,1,1,0.0002420135527589545,0.0,0.0
251,776698,2017-08-22,936,30-34,M,10,14,16,12785,3,4,2,1,0.0001564333202972233,0.00023464998044583498,1.3333333333333333
252,776699,2017-08-27,936,30-34,M,10,16,16,8213,1,1,1,1,0.00012175818823815901,0.00012175818823815901,1.0
253,776722,2017-08-27,936,30-34,M,2,4,7,545,0,0,1,1,0.001834862385321101,0.0,0.0
254,776725,2017-08-22,936,40-44,M,23,26,27,2479,1,1,1,0,0.0004033884630899556,0.0004033884630899556,1.0
255,776780,2017-08-22,936,40-44,M,2,4,3,3812,2,3,1,0,0.00026232948583420777,0.0005246589716684155,1.5
256,776793,2017-08-22,936,45-49,M,21,23,26,1609,0,0,1,0,0.0006215040397762585,0.0,0.0
257,776799,2017-08-22,936,45-49,M,20,22,26,10257,3,3,1,1,9.749439407234084e-05,0.0002924831822170225,1.0
258,776817,2017-08-22,936,40-44,M,10,14,16,12356,4,6,1,0,8.09323405632891e-05,0.0003237293622531564,1.5
259,776825,2017-08-23,936,45-49,M,18,23,20,7410,1,1,1,0,0.0001349527665317139,0.0001349527665317139,1.0
260,776829,2017-08-23,936,45-49,M,16,20,19,140098,28,46,1,0,7.137860640408856e-06,0.000199860097931448,1.6428571428571428
261,776831,2017-08-22,936,45-49,M,16,18,20,107021,20,34,1,0,9.343960531110716e-06,0.00018687921062221434,1.7
262,776840,2017-08-22,936,35-39,M,36,38,40,2797,1,1,1,0,0.0003575259206292456,0.0003575259206292456,1.0
263,776861,2017-08-22,936,45-49,M,7,9,12,16461,6,9,1,0,6.074965068950854e-05,0.00036449790413705123,1.5
264,776892,2017-08-30,936,40-44,M,63,66,69,17488,5,7,1,0,5.7182067703568164e-05,0.0002859103385178408,1.4
265,776928,2017-08-30,936,35-39,M,10,11,15,9750,2,1,1,1,0.00010256410256410256,0.00020512820512820512,0.5
266,776935,2017-08-30,936,45-49,M,36,41,38,1136,0,0,1,1,0.0008802816901408451,0.0,0.0
267,777105,2017-08-30,936,45-49,M,63,67,67,4333,1,0,1,1,0.00023078698361412417,0.00023078698361412417,0.0
268,777130,2017-08-30,936,35-39,M,16,21,22,6260,0,0,1,0,0.0001597444089456869,0.0,0.0
269,777131,2017-08-22,936,35-39,M,16,19,21,6359,0,0,1,0,0.00015725743041358704,0.0,0.0
270,777166,2017-08-30,936,30-34,M,63,69,65,2383,0,0,1,1,0.000419639110365086,0.0,0.0
271,777187,2017-08-30,936,40-44,M,27,31,28,11292,3,5,1,1,8.855827134254339e-05,0.00026567481402763017,1.6666666666666667
272,777198,2017-08-30,936,30-34,M,64,70,69,12729,4,5,1,0,7.85607667530835e-05,0.000314243067012334,1.25
273,777200,2017-08-23,936,30-34,M,64,69,70,1898,0,0,1,1,0.0005268703898840885,0.0,0.0
274,777201,2017-08-23,936,30-34,M,64,69,65,1882,0,0,1,1,0.0005313496280552603,0.0,0.0
275,777235,2017-08-24,936,30-34,M,65,66,67,2883,1,0,1,1,0.000346860908775581,0.000346860908775581,0.0
276,777248,2017-08-24,936,30-34,F,7,9,10,3989,1,1,1,0,0.000250689395838556,0.000250689395838556,1.0
277,777261,2017-08-24,936,40-44,M,29,31,34,19603,4,5,1,1,5.101260011222772e-05,0.00020405040044891087,1.25
278,777382,2017-08-25,936,40-44,M,24,26,27,3047,1,1,1,0,0.0003281916639317361,0.0003281916639317361,1.0
279,777398,2017-08-25,936,35-39,M,24,27,30,3029,1,1,1,1,0.0003301419610432486,0.0003301419610432486,1.0
280,777410,2017-08-25,936,45-49,M,26,29,28,3490,1,1,1,1,0.00028653295128939826,0.00028653295128939826,1.0
281,777482,2017-08-25,936,45-49,M,28,32,32,2479,0,0,1,0,0.0004033884630899556,0.0,0.0
282,777495,2017-08-25,936,40-44,M,19,25,25,19581,7,10,2,0,0.00010213982942648486,0.000357489402992697,1.4285714285714286
283,777519,2017-08-24,936,45-49,M,29,34,32,19537,5,6,1,0,5.1184931156267594e-05,0.00025592465578133796,1.2
284,777625,2017-08-24,936,45-49,M,16,17,19,59433,12,19,3,0,5.0477007722982184e-05,0.00020190803089192874,1.5833333333333333
285,777627,2017-08-23,936,45-49,M,16,17,19,157534,33,56,2,0,1.2695672045399724e-05,0.00020947858874909543,1.696969696969697
286,777638,2017-08-23,936,40-44,M,7,10,12,1781,0,0,1,1,0.0005614823133071309,0.0,0.0
287,777670,2017-08-23,936,40-44,M,16,19,19,23769,4,6,1,0,4.207160587319618e-05,0.00016828642349278473,1.5
288,777673,2017-08-23,936,40-44,M,16,18,17,7101,0,0,1,0,0.0001408252358822701,0.0,0.0
289,777742,2017-08-23,936,35-39,M,64,69,68,4726,1,1,1,1,0.00021159542953872197,0.00021159542953872197,1.0
290,777758,2017-08-24,936,30-34,M,19,20,20,5209,1,0,2,0,0.0003839508542906508,0.0001919754271453254,0.0
291,777794,2017-08-24,936,30-34,M,18,23,24,13473,3,2,3,0,0.00022266755733689602,0.00022266755733689602,0.6666666666666666
292,777816,2017-08-23,936,40-44,M,2,7,7,500,0,0,1,1,0.002,0.0,0.0
293,777871,2017-08-23,936,30-34,M,20,26,23,4616,1,1,1,0,0.0002166377816291161,0.0002166377816291161,1.0
294,777904,2017-08-30,936,30-34,M,31,32,33,3279,0,0,1,0,0.0003049710277523635,0.0,0.0
295,777905,2017-08-30,936,30-34,M,31,36,36,3288,0,0,1,0,0.00030413625304136254,0.0,0.0
296,778037,2017-08-28,936,35-39,M,27,29,28,14615,4,6,1,0,6.842285323297981e-05,0.00027369141293191924,1.5
297,778048,2017-08-28,936,30-34,M,27,28,29,56615,12,19,2,0,3.532632694515588e-05,0.00021195796167093527,1.5833333333333333
298,778085,2017-08-28,936,30-34,M,26,32,31,11735,3,4,1,1,8.521516829995739e-05,0.00025564550489987217,1.3333333333333333
299,778087,2017-08-28,936,30-34,M,26,30,32,15910,5,6,1,0,6.285355122564425e-05,0.00031426775612822125,1.2
300,778112,2017-08-28,936,35-39,M,29,33,35,11446,2,3,1,1,8.736676568233443e-05,0.00017473353136466887,1.5
301,778113,2017-08-28,936,35-39,M,29,35,35,4595,0,0,1,0,0.0002176278563656148,0.0,0.0
302,778124,2017-08-28,936,30-34,M,29,34,32,4871,0,0,1,0,0.00020529665366454526,0.0,0.0
303,778148,2017-08-28,936,35-39,M,28,32,30,3199,0,0,1,0,0.00031259768677711783,0.0,0.0
304,778156,2017-08-28,936,30-34,M,28,32,31,9388,2,3,1,0,0.00010651896037494674,0.00021303792074989347,1.5
305,778161,2017-08-27,936,30-34,M,28,31,33,17954,6,7,2,1,0.00011139578923916676,0.0003341873677175003,1.1666666666666667
306,778208,2017-08-27,936,40-44,F,29,32,32,2755,0,0,1,0,0.0003629764065335753,0.0,0.0
307,778264,2017-08-27,936,40-44,F,27,31,30,8152,1,0,1,0,0.0001226692836113837,0.0001226692836113837,0.0
308,778266,2017-08-27,936,40-44,F,27,32,28,74542,19,34,1,0,1.3415255828928657e-05,0.00025488986074964447,1.7894736842105263
309,778421,2017-08-27,936,40-44,F,20,21,23,6699,2,3,1,0,0.00014927601134497685,0.0002985520226899537,1.5
310,778422,2017-08-27,936,40-44,F,20,25,24,11911,4,3,1,0,8.395600705230459e-05,0.00033582402820921836,0.75
311,778461,2017-08-27,936,40-44,M,29,35,33,10090,2,2,1,1,9.910802775024777e-05,0.00019821605550049553,1.0
312,778471,2017-08-27,936,30-34,M,32,35,36,1273,0,0,1,1,0.0007855459544383347,0.0,0.0
313,778483,2017-08-27,936,40-44,F,18,24,20,24188,5,8,1,0,4.134281461881925e-05,0.00020671407309409625,1.6
314,778529,2017-08-27,936,30-34,M,31,35,33,2214,0,0,1,0,0.00045167118337850043,0.0,0.0
315,778556,2017-08-28,936,40-44,M,32,35,38,9735,4,4,1,1,0.00010272213662044171,0.00041088854648176684,1.0
316,778590,2017-08-28,936,30-34,M,30,36,36,1371,0,0,1,1,0.0007293946024799417,0.0,0.0
317,778600,2017-08-29,936,40-44,F,22,23,25,10750,4,5,1,0,9.302325581395348e-05,0.00037209302325581393,1.25
318,778626,2017-08-29,936,30-34,M,29,33,35,7629,1,0,1,1,0.00013107877834578582,0.00013107877834578582,0.0
319,778628,2017-08-29,936,30-34,M,29,35,30,4608,0,0,1,0,0.00021701388888888888,0.0,0.0
320,778674,2017-08-29,936,35-39,M,29,31,30,3732,0,0,1,0,0.0002679528403001072,0.0,0.0
321,778689,2017-08-30,936,30-34,M,28,32,32,7453,1,1,1,1,0.0001341741580571582,0.0001341741580571582,1.0
322,778722,2017-08-30,936,35-39,F,64,70,67,41785,14,19,1,0,2.3932033026205577e-05,0.0003350484623668781,1.3571428571428572
323,778737,2017-08-30,936,35-39,M,27,32,30,8077,2,3,1,1,0.0001238083446824316,0.0002476166893648632,1.5
324,778756,2017-08-30,936,35-39,F,63,65,65,5602,1,1,1,0,0.0001785076758300607,0.0001785076758300607,1.0
325,778804,2017-08-30,936,30-34,M,26,29,29,6184,2,2,1,1,0.00016170763260025875,0.0003234152652005175,1.0
326,778808,2017-08-29,936,30-34,M,26,28,29,1738,0,0,1,0,0.0005753739930955121,0.0,0.0
327,778964,2017-08-29,936,35-39,F,27,33,28,112460,25,41,1,0,8.89205050684688e-06,0.00022230126267117198,1.64
328,779057,2017-08-29,936,40-44,M,15,21,21,4414,0,0,1,0,0.00022655188038060717,0.0,0.0
329,779106,2017-08-28,936,35-39,F,30,35,36,14670,7,9,1,0,6.81663258350375e-05,0.00047716428084526244,1.2857142857142858
330,779438,2017-08-28,936,30-34,F,64,66,69,33144,9,13,1,0,3.017137340091721e-05,0.0002715423606082549,1.4444444444444444
331,779453,2017-08-29,936,45-49,M,64,68,70,4397,1,0,1,0,0.00022742779167614282,0.00022742779167614282,0.0
332,779488,2017-08-29,936,45-49,M,65,68,69,1006,0,0,1,0,0.0009940357852882703,0.0,0.0
333,779573,2017-08-29,936,35-39,F,10,13,16,89527,24,32,1,0,1.1169814692774247e-05,0.0002680755526265819,1.3333333333333333
334,779608,2017-08-29,936,35-39,F,15,18,16,2459,0,0,1,0,0.00040666937779585197,0.0,0.0
335,779609,2017-08-29,936,35-39,F,15,20,18,7116,2,1,1,1,0.0001405283867341203,0.0002810567734682406,0.5
336,779622,2017-08-29,936,30-34,F,15,18,17,8613,1,0,2,0,0.0002322071287588529,0.00011610356437942645,0.0
337,779631,2017-08-19,936,35-39,F,16,19,18,9730,1,1,1,0,0.00010277492291880781,0.00010277492291880781,1.0
338,779644,2017-08-19,936,30-34,F,16,20,20,51816,8,10,2,1,3.85981164119191e-05,0.0001543924656476764,1.25
339,779645,2017-08-22,936,30-34,F,16,21,20,27289,3,4,1,0,3.6644801934845545e-05,0.00010993440580453663,1.3333333333333333
340,779715,2017-08-22,936,30-34,F,29,32,33,20409,4,3,1,0,4.899799108236562e-05,0.0001959919643294625,0.75
341,779716,2017-08-22,936,30-34,F,29,32,34,8044,1,1,1,0,0.00012431626056688214,0.00012431626056688214,1.0
342,779738,2017-08-22,936,30-34,F,28,32,33,15645,4,5,1,0,6.391818472355386e-05,0.0002556727388942154,1.25
343,779778,2017-08-22,936,30-34,F,31,37,34,2466,0,0,2,2,0.0008110300081103001,0.0,0.0
344,779789,2017-08-22,936,45-49,M,10,14,13,11611,3,3,1,1,8.612522607871846e-05,0.00025837567823615537,1.0
345,779824,2017-08-22,936,45-49,M,7,13,9,9375,3,4,1,0,0.00010666666666666667,0.00032,1.3333333333333333
346,779871,2017-08-22,936,30-34,F,32,37,34,4402,1,1,1,1,0.00022716946842344388,0.00022716946842344388,1.0
347,779918,2017-08-22,936,30-34,F,18,23,24,8469,2,3,1,0,0.0001180776951233912,0.0002361553902467824,1.5
348,779922,2017-08-22,936,30-34,F,18,22,24,5823,1,1,1,1,0.0001717327837884252,0.0001717327837884252,1.0
349,779944,2017-08-21,936,35-39,M,10,13,16,2549,0,0,1,0,0.00039231071008238524,0.0,0.0
350,779979,2017-08-21,936,35-39,M,16,17,21,25817,4,6,1,0,3.873416740907154e-05,0.00015493666963628617,1.5
351,779995,2017-08-21,936,30-34,F,20,24,25,1961,0,0,1,0,0.0005099439061703213,0.0,0.0
352,780064,2017-08-21,936,30-34,F,22,24,25,2554,0,0,1,0,0.00039154267815191856,0.0,0.0
353,780104,2017-08-21,936,30-34,F,25,27,26,4971,1,1,1,1,0.0002011667672500503,0.0002011667672500503,1.0
354,780199,2017-08-22,936,35-39,F,23,28,27,1030,0,0,1,1,0.000970873786407767,0.0,0.0
355,780318,2017-08-22,936,45-49,F,29,32,31,162341,56,77,3,0,1.8479620059011586e-05,0.00034495290776821627,1.375
356,780323,2017-08-21,936,45-49,F,29,35,34,24542,7,9,1,0,4.074647542987532e-05,0.0002852253280091272,1.2857142857142858
357,780486,2017-08-21,936,30-34,F,65,69,71,2879,0,0,1,1,0.0003473428273706148,0.0,0.0
358,780498,2017-08-22,936,30-34,F,64,65,68,13621,3,4,1,0,7.341604874825637e-05,0.0002202481462447691,1.3333333333333333
359,780511,2017-08-23,936,30-34,F,63,65,66,6175,1,1,2,1,0.00032388663967611336,0.00016194331983805668,1.0
360,780629,2017-08-24,936,30-34,F,28,34,34,2963,0,0,1,0,0.0003374957813027337,0.0,0.0
361,780653,2017-08-24,936,30-34,F,29,33,35,9076,1,1,1,1,0.00011018069634200089,0.00011018069634200089,1.0
362,780655,2017-08-24,936,30-34,F,29,33,34,20941,4,5,1,1,4.7753211403466884e-05,0.00019101284561386754,1.25
363,780666,2017-08-24,936,45-49,F,10,13,13,3462,0,0,1,0,0.00028885037550548814,0.0,0.0
364,780681,2017-08-24,936,30-34,F,26,29,29,4073,0,0,1,1,0.00024551927326295114,0.0,0.0
365,780700,2017-08-18,936,30-34,F,27,33,30,3745,0,0,1,0,0.000267022696929239,0.0,0.0
366,780748,2017-08-18,936,30-34,F,24,26,28,830,0,0,1,0,0.0012048192771084338,0.0,0.0
367,780759,2017-08-18,936,45-49,F,18,24,22,2912,0,0,1,0,0.00034340659340659343,0.0,0.0
368,780760,2017-08-24,936,45-49,F,18,23,22,17167,5,6,1,0,5.8251296091338034e-05,0.00029125648045669016,1.2
369,780797,2017-08-24,936,30-34,F,22,25,25,24491,7,9,1,0,4.0831325793148504e-05,0.00028581928055203954,1.2857142857142858
370,780799,2017-08-23,936,30-34,F,22,24,26,44699,13,17,2,0,4.474373028479384e-05,0.00029083424685115997,1.3076923076923077
371,780821,2017-08-23,936,30-34,F,23,24,25,6469,2,1,1,0,0.0001545833977430824,0.0003091667954861648,0.5
372,780830,2017-08-23,936,45-49,F,16,17,17,16053,3,4,1,1,6.229365227683299e-05,0.00018688095683049897,1.3333333333333333
373,780835,2017-08-23,936,45-49,F,16,21,21,54724,12,17,1,1,1.8273518017688765e-05,0.0002192822162122652,1.4166666666666667
374,780867,2017-08-23,936,30-34,F,21,27,26,4706,1,1,1,0,0.00021249468763280918,0.00021249468763280918,1.0
375,780974,2017-08-23,936,40-44,F,32,38,36,8316,3,4,1,1,0.00012025012025012025,0.00036075036075036075,1.3333333333333333
376,781066,2017-08-23,936,40-44,F,22,26,25,5794,2,2,1,0,0.00017259233690024162,0.00034518467380048324,1.0
377,781114,2017-08-23,936,40-44,F,18,24,22,4813,1,1,1,0,0.00020777062123415748,0.00020777062123415748,1.0
378,781159,2017-08-23,936,40-44,F,10,15,11,85285,26,36,1,0,1.1725391334935804e-05,0.00030486017470833087,1.3846153846153846
379,781162,2017-08-21,936,40-44,F,10,11,13,5839,1,1,1,0,0.00017126220243192326,0.00017126220243192326,1.0
380,781175,2017-08-21,936,40-44,F,15,16,21,5859,1,1,1,0,0.00017067759003242875,0.00017067759003242875,1.0
381,781187,2017-08-18,936,40-44,F,16,22,19,164118,41,59,1,0,6.093176860551555e-06,0.00024982025128261374,1.4390243902439024
382,781195,2017-08-18,936,35-39,F,63,67,69,18234,6,7,1,0,5.4842601733026214e-05,0.0003290556103981573,1.1666666666666667
383,781207,2017-08-18,936,35-39,F,64,67,70,2755,0,0,1,0,0.0003629764065335753,0.0,0.0
384,781303,2017-08-19,936,35-39,F,27,29,30,73676,20,28,1,0,1.3572940984852598e-05,0.00027145881969705196,1.4
385,781305,2017-08-19,936,35-39,F,27,30,28,18421,7,10,1,0,5.428586938819825e-05,0.00038000108571738776,1.4285714285714286
386,781327,2017-08-19,936,35-39,F,29,35,35,164754,49,67,2,1,1.2139310729936754e-05,0.0002974131128834505,1.3673469387755102
387,781353,2017-08-19,936,35-39,F,10,13,15,7449,1,1,1,1,0.00013424620754463686,0.00013424620754463686,1.0
388,781354,2017-08-19,936,35-39,F,10,14,16,6424,1,0,1,0,0.00015566625155666251,0.00015566625155666251,0.0
389,781438,2017-08-18,936,30-34,M,63,65,68,2086,0,0,1,0,0.00047938638542665386,0.0,0.0
390,781470,2017-08-18,936,35-39,M,16,17,18,6016,0,0,1,0,0.00016622340425531914,0.0,0.0
391,781499,2017-08-18,936,35-39,M,15,21,20,6412,1,1,1,0,0.00015595757953836556,0.00015595757953836556,1.0
392,781508,2017-08-24,936,30-34,F,63,68,64,5040,1,1,1,0,0.0001984126984126984,0.0001984126984126984,1.0
393,781556,2017-08-24,936,30-34,F,32,37,36,1772,0,0,1,0,0.000564334085778781,0.0,0.0
394,781559,2017-08-18,936,30-34,F,32,38,34,1783,0,0,1,0,0.0005608524957936063,0.0,0.0
395,781606,2017-08-18,936,35-39,M,20,21,24,8200,3,3,1,0,0.00012195121951219512,0.00036585365853658537,1.0
396,781690,2017-08-18,936,45-49,F,26,28,30,115896,38,49,1,0,8.628425484917513e-06,0.00032788016842686546,1.2894736842105263
397,781811,2017-08-18,936,35-39,F,16,17,22,10186,1,1,1,1,9.817396426467701e-05,9.817396426467701e-05,1.0
398,781857,2017-08-18,936,30-34,M,20,21,24,9134,3,4,2,0,0.0002189621195533173,0.00032844317932997593,1.3333333333333333
399,781858,2017-08-18,936,30-34,M,20,25,22,3385,1,1,1,1,0.0002954209748892171,0.0002954209748892171,1.0
400,781907,2017-08-19,936,45-49,F,21,27,23,1314,0,0,1,0,0.00076103500761035,0.0,0.0
401,781928,2017-08-19,936,30-34,M,18,21,22,2916,0,0,1,1,0.0003429355281207133,0.0,0.0
402,781929,2017-08-20,936,30-34,M,18,21,21,6142,1,1,1,0,0.00016281341582546403,0.00016281341582546403,1.0
403,781950,2017-08-20,936,30-34,F,20,26,21,1984,0,0,1,0,0.0005040322580645161,0.0,0.0
404,781999,2017-08-20,936,30-34,M,24,30,29,9142,3,3,1,0,0.00010938525486764385,0.00032815576460293154,1.0
405,782001,2017-08-20,936,30-34,M,24,30,28,5475,2,2,1,1,0.00018264840182648402,0.00036529680365296805,1.0
406,782022,2017-08-20,936,30-34,F,18,24,20,8254,2,2,1,1,0.000121153380179307,0.000242306760358614,1.0
407,782026,2017-08-21,936,30-34,F,18,24,20,5704,1,1,1,0,0.0001753155680224404,0.0001753155680224404,1.0
408,782130,2017-08-21,936,30-34,F,16,18,21,7301,0,0,1,0,0.00013696753869332968,0.0,0.0
409,782134,2017-08-21,936,30-34,F,16,19,21,37873,5,6,1,1,2.6404034536477173e-05,0.00013202017268238586,1.2
410,782135,2017-08-20,936,30-34,F,16,20,17,25267,4,4,2,1,7.915462856690546e-05,0.0001583092571338109,1.0
411,782171,2017-08-20,936,30-34,F,30,31,32,535,0,0,1,0,0.001869158878504673,0.0,0.0
412,782180,2017-08-19,936,30-34,M,29,34,30,3396,0,0,1,0,0.0002944640753828033,0.0,0.0
413,782219,2017-08-19,936,30-34,M,26,27,32,977,0,0,1,0,0.0010235414534288639,0.0,0.0
414,782228,2017-08-19,936,40-44,F,63,64,66,12318,5,6,1,1,8.118201006656925e-05,0.00040591005033284623,1.2
415,782242,2017-08-19,936,30-34,F,28,34,31,4783,1,0,1,0,0.0002090738030524775,0.0002090738030524775,0.0
416,782275,2017-08-19,936,30-34,F,29,31,30,6475,1,1,1,0,0.00015444015444015445,0.00015444015444015445,1.0
417,782337,2017-08-20,936,45-49,F,16,18,19,104578,29,39,1,1,9.562240624223067e-06,0.00027730497810246895,1.3448275862068966
418,782407,2017-08-20,936,45-49,F,10,12,11,33664,11,12,1,0,2.970532319391635e-05,0.0003267585551330798,1.0909090909090908
419,782443,2017-08-20,936,40-44,F,20,25,24,979,0,0,1,0,0.0010214504596527069,0.0,0.0
420,782541,2017-08-20,936,40-44,F,28,29,30,7337,3,4,1,0,0.0001362954886193267,0.0004088864658579801,1.3333333333333333
421,782587,2017-08-18,936,30-34,M,10,13,16,2499,0,0,1,0,0.00040016006402561027,0.0,0.0
422,782647,2017-08-18,936,40-44,F,27,33,30,11244,3,4,1,0,8.893632159373888e-05,0.00026680896478121667,1.3333333333333333
423,782658,2017-08-23,936,30-34,M,15,17,19,4827,0,0,1,0,0.00020716801325875285,0.0,0.0
424,782694,2017-08-23,936,35-39,F,29,31,35,29035,7,8,2,2,6.888238333046323e-05,0.00024108834165662132,1.1428571428571428
425,782706,2017-08-23,936,35-39,F,30,32,32,761,0,0,1,0,0.001314060446780552,0.0,0.0
426,782754,2017-08-23,936,35-39,F,26,31,32,6532,1,1,1,0,0.00015309246785058175,0.00015309246785058175,1.0
427,782815,2017-08-23,936,40-44,F,10,16,15,11537,3,4,1,0,8.667764583513912e-05,0.00026003293750541737,1.3333333333333333
428,782816,2017-08-23,936,40-44,F,10,13,11,12183,3,2,1,0,8.208158909956496e-05,0.0002462447672986949,0.6666666666666666
429,782862,2017-08-23,936,35-39,F,64,70,67,5912,1,1,1,1,0.00016914749661705008,0.00016914749661705008,1.0
430,950068,2017-08-23,936,30-34,M,10,12,13,4012,1,1,1,0,0.0002492522432701894,0.0002492522432701894,1.0
431,950078,2017-08-22,936,30-34,M,16,22,17,12396,2,3,2,1,0.00016134236850596966,0.00016134236850596966,1.5
432,950079,2017-08-22,936,30-34,M,16,20,22,3142,0,0,2,2,0.0006365372374283895,0.0,0.0
433,950099,2017-08-22,936,30-34,M,18,23,23,1120,0,0,1,0,0.0008928571428571428,0.0,0.0
434,950109,2017-08-22,936,30-34,M,20,24,22,343,0,0,1,1,0.0029154518950437317,0.0,0.0
435,950170,2017-08-22,936,30-34,M,15,19,16,1720,0,0,1,1,0.0005813953488372093,0.0,0.0
436,950179,2017-08-22,936,30-34,M,16,22,19,3423,0,0,1,1,0.00029214139643587495,0.0,0.0
437,950182,2017-08-22,936,30-34,M,16,20,19,3242,0,0,1,0,0.00030845157310302283,0.0,0.0
438,950183,2017-08-22,936,30-34,M,16,22,19,15720,1,1,1,0,6.361323155216285e-05,6.361323155216285e-05,1.0
439,950200,2017-08-22,936,30-34,M,10,13,15,1217,0,0,1,1,0.0008216926869350862,0.0,0.0
440,950224,2017-08-22,936,40-44,M,20,21,23,2367,2,2,1,1,0.0004224757076468103,0.0008449514152936206,1.0
441,950326,2017-08-22,936,35-39,M,16,19,22,6607,1,1,2,0,0.0003027092477675193,0.00015135462388375965,1.0
442,950345,2017-08-23,936,30-34,M,64,66,65,616,0,0,1,0,0.0016233766233766235,0.0,0.0
443,950452,2017-08-23,936,45-49,M,16,22,22,5537,1,1,1,0,0.00018060321473722233,0.00018060321473722233,1.0
444,950463,2017-08-19,936,45-49,M,15,19,18,818,0,0,1,0,0.0012224938875305623,0.0,0.0
445,950495,2017-08-19,936,45-49,M,21,25,25,1909,1,0,1,0,0.0005238344683080147,0.0005238344683080147,0.0
446,950521,2017-08-18,936,30-34,M,21,27,25,351,0,0,1,0,0.002849002849002849,0.0,0.0
447,950531,2017-08-19,936,45-49,M,22,24,26,572,0,0,1,0,0.0017482517482517483,0.0,0.0
448,950537,2017-08-19,936,40-44,M,36,41,40,1884,1,1,1,0,0.0005307855626326964,0.0005307855626326964,1.0
449,950550,2017-08-19,936,30-34,M,30,35,36,219,0,0,1,0,0.0045662100456621,0.0,0.0
450,950577,2017-08-19,936,30-34,M,32,38,34,540,0,0,1,1,0.001851851851851852,0.0,0.0
451,950578,2017-08-19,936,30-34,M,32,37,37,550,0,0,1,0,0.0018181818181818182,0.0,0.0
452,950595,2017-08-18,936,30-34,M,26,30,31,465,0,0,1,0,0.002150537634408602,0.0,0.0
453,950609,2017-08-18,936,30-34,M,29,31,35,1761,0,0,1,1,0.0005678591709256105,0.0,0.0
454,950629,2017-08-23,936,30-34,M,65,67,68,152,0,0,1,1,0.006578947368421052,0.0,0.0
455,950631,2017-08-23,936,30-34,M,65,70,70,152,0,0,1,1,0.006578947368421052,0.0,0.0
456,950649,2017-08-23,936,30-34,M,64,67,70,429,0,0,1,0,0.002331002331002331,0.0,0.0
457,950745,2017-08-18,936,30-34,M,29,32,31,1514,0,0,2,2,0.001321003963011889,0.0,0.0
458,950770,2017-08-18,936,30-34,M,28,31,30,7780,3,4,2,2,0.0002570694087403599,0.00038560411311053987,1.3333333333333333
459,950772,2017-08-18,936,35-39,M,28,30,33,460,0,0,1,0,0.002173913043478261,0.0,0.0
460,950773,2017-08-18,936,35-39,M,28,29,32,471,0,0,1,0,0.0021231422505307855,0.0,0.0
461,950776,2017-08-18,936,35-39,M,28,29,32,2633,1,1,1,0,0.00037979491074819596,0.00037979491074819596,1.0
462,950787,2017-08-18,936,30-34,M,27,32,30,199,0,0,1,0,0.005025125628140704,0.0,0.0
463,950808,2017-08-22,936,35-39,M,32,33,38,398,0,0,1,0,0.002512562814070352,0.0,0.0
464,950839,2017-08-22,936,30-34,M,24,29,25,246,0,0,2,2,0.008130081300813009,0.0,0.0
465,950878,2017-08-19,936,40-44,M,10,11,15,2967,1,1,1,1,0.0003370407819346141,0.0003370407819346141,1.0
466,950969,2017-08-19,936,45-49,M,36,38,40,255,0,0,1,0,0.00392156862745098,0.0,0.0
467,951021,2017-08-19,936,30-34,F,7,13,9,457,0,0,1,1,0.002188183807439825,0.0,0.0
468,951033,2017-08-19,936,30-34,F,10,13,13,5517,1,1,1,0,0.00018125793003443902,0.00018125793003443902,1.0
469,951035,2017-08-19,936,30-34,F,10,15,12,1539,0,0,1,1,0.000649772579597141,0.0,0.0
470,951043,2017-08-19,936,30-34,F,16,22,17,3189,0,0,1,0,0.00031357792411414236,0.0,0.0
471,951045,2017-08-19,936,30-34,F,16,20,21,3348,0,0,1,0,0.0002986857825567503,0.0,0.0
472,951046,2017-08-19,936,30-34,F,16,18,17,20050,4,4,4,1,0.00019950124688279303,0.00019950124688279303,1.0
473,951102,2017-08-19,936,45-49,M,16,18,19,2254,0,0,1,0,0.00044365572315882877,0.0,0.0
474,951105,2017-08-19,936,45-49,M,16,20,21,5894,1,1,1,1,0.00016966406515100103,0.00016966406515100103,1.0
475,951133,2017-08-18,936,35-39,M,16,21,19,9948,2,2,2,0,0.0002010454362685967,0.0002010454362685967,1.0
476,951202,2017-08-18,936,45-49,F,26,29,28,5307,3,4,2,1,0.0003768607499528924,0.0005652911249293386,1.3333333333333333
477,951225,2017-08-18,936,35-39,F,22,28,28,4621,2,3,1,1,0.00021640337589266391,0.00043280675178532783,1.5
478,951270,2017-08-18,936,35-39,F,18,21,19,784,0,0,1,1,0.0012755102040816326,0.0,0.0
479,951282,2017-08-18,936,35-39,F,16,22,17,5775,1,1,1,1,0.00017316017316017316,0.00017316017316017316,1.0
480,951285,2017-08-19,936,35-39,F,16,20,20,9297,2,2,2,1,0.00021512315800795956,0.00021512315800795956,1.0
481,951294,2017-08-19,936,35-39,F,15,16,17,699,0,0,1,0,0.001430615164520744,0.0,0.0
482,951305,2017-08-19,936,35-39,F,10,12,13,1104,0,0,1,0,0.0009057971014492754,0.0,0.0
483,951334,2017-08-18,936,30-34,F,64,70,69,3717,1,1,1,0,0.0002690341673392521,0.0002690341673392521,1.0
484,951391,2017-08-19,936,30-34,F,28,29,33,2879,1,1,2,2,0.0006946856547412296,0.0003473428273706148,1.0
485,951392,2017-08-20,936,30-34,F,28,31,32,2749,1,1,1,0,0.0003637686431429611,0.0003637686431429611,1.0
486,951400,2017-08-21,936,45-49,F,10,12,15,24028,9,12,2,0,8.3236224404861e-05,0.0003745630098218745,1.3333333333333333
487,951402,2017-08-21,936,30-34,F,29,32,31,1118,0,0,1,1,0.0008944543828264759,0.0,0.0
488,951413,2017-08-21,936,30-34,F,26,29,27,1083,0,0,2,1,0.0018467220683287165,0.0,0.0
489,951420,2017-08-21,936,30-34,F,27,33,32,843,0,0,1,0,0.0011862396204033216,0.0,0.0
490,951444,2017-08-21,936,30-34,F,25,28,26,2983,1,0,1,0,0.00033523298692591353,0.00033523298692591353,0.0
491,951448,2017-08-22,936,30-34,F,25,30,28,696,0,0,1,0,0.0014367816091954023,0.0,0.0
492,951462,2017-08-21,936,45-49,F,16,20,19,7589,2,3,1,1,0.00013176966662274345,0.0002635393332454869,1.5
493,951464,2017-08-21,936,45-49,F,16,17,21,20997,10,11,1,0,4.76258513120922e-05,0.000476258513120922,1.1
494,951465,2017-08-21,936,45-49,F,16,18,17,4617,1,1,1,0,0.00021659085986571366,0.00021659085986571366,1.0
495,951498,2017-08-21,936,45-49,F,20,22,21,259,0,0,1,0,0.003861003861003861,0.0,0.0
496,951508,2017-08-21,936,30-34,F,18,21,22,1134,0,0,1,0,0.0008818342151675485,0.0,0.0
497,951542,2017-08-20,936,40-44,F,27,32,28,357,0,0,1,0,0.0028011204481792717,0.0,0.0
498,951607,2017-08-20,936,40-44,F,10,15,15,848,0,0,1,1,0.0011792452830188679,0.0,0.0
499,951608,2017-08-20,936,40-44,F,10,15,13,3149,1,1,1,0,0.00031756113051762465,0.00031756113051762465,1.0
500,951641,2017-08-20,936,40-44,F,2,4,7,87,0,0,1,1,0.011494252873563218,0.0,0.0
501,951677,2017-08-20,936,35-39,F,27,28,31,2563,1,1,1,0,0.0003901677721420211,0.0003901677721420211,1.0
502,951692,2017-08-21,936,35-39,F,10,15,14,1107,0,0,1,0,0.0009033423667570009,0.0,0.0
503,951715,2017-08-20,936,45-49,F,64,65,65,10677,5,7,1,0,9.365926758452749e-05,0.00046829633792263745,1.4
504,951756,2017-08-20,936,35-39,F,22,25,26,2189,1,0,1,0,0.00045682960255824577,0.00045682960255824577,0.0
505,951779,2017-08-20,936,45-49,F,27,32,29,3277,2,2,1,0,0.0003051571559353067,0.0006103143118706134,1.0
506,951782,2017-08-24,936,45-49,F,26,30,29,781,0,0,1,0,0.0012804097311139564,0.0,0.0
507,951810,2017-08-24,936,35-39,F,16,17,22,2226,0,0,1,0,0.0004492362982929021,0.0,0.0
508,951812,2017-08-29,936,35-39,F,16,18,18,16274,4,6,2,0,0.00012289541600098315,0.0002457908320019663,1.5
509,951837,2017-08-29,936,45-49,F,20,23,23,2077,1,1,1,1,0.00048146364949446316,0.00048146364949446316,1.0
510,951853,2017-08-29,936,30-34,F,20,23,25,529,0,0,0,0,0.0,0.0,0.0
511,951854,2017-08-25,936,30-34,F,20,26,25,487,0,0,1,0,0.002053388090349076,0.0,0.0
512,951856,2017-08-25,936,30-34,F,20,23,21,4626,2,2,2,0,0.00043233895373973193,0.00043233895373973193,1.0
513,951941,2017-08-25,936,30-34,F,28,33,34,2764,1,1,1,1,0.000361794500723589,0.000361794500723589,1.0
514,952001,2017-08-25,936,45-49,F,10,12,13,5447,2,2,1,0,0.00018358729575913347,0.00036717459151826694,1.0
515,952031,2017-08-25,936,40-44,F,16,17,17,28169,8,12,1,1,3.5500017750008876e-05,0.000284000142000071,1.5
516,952080,2017-08-29,936,40-44,F,27,30,30,415,0,0,1,0,0.0024096385542168677,0.0,0.0
517,952100,2017-08-29,936,35-39,F,29,31,30,810,0,0,1,1,0.0012345679012345679,0.0,0.0
518,1121091,2017-08-28,1178,30-34,M,10,11,15,1194718,141,254,28,14,2.343649296319299e-05,0.00011801948242179326,1.801418439716312
519,1121092,2017-08-28,1178,30-34,M,10,12,11,637648,67,122,13,5,2.0387423782400322e-05,0.0001050736456477555,1.8208955223880596
520,1121094,2017-08-28,1178,30-34,M,10,16,15,24362,0,0,1,1,4.10475330432641e-05,0.0,0.0
521,1121095,2017-08-28,1178,30-34,M,10,16,12,459690,50,86,5,2,1.0876895299005851e-05,0.00010876895299005852,1.72
522,1121096,2017-08-28,1178,30-34,M,10,11,16,750060,86,161,11,2,1.4665493427192491e-05,0.0001146574940671413,1.872093023255814
523,1121097,2017-08-29,1178,30-34,M,15,18,18,30068,1,1,1,0,3.3257948649727285e-05,3.3257948649727285e-05,1.0
524,1121098,2017-08-29,1178,30-34,M,15,18,21,1267550,123,236,24,10,1.893416433276794e-05,9.703759220543568e-05,1.91869918699187
525,1121100,2017-08-29,1178,30-34,M,15,20,17,3052003,340,639,60,17,1.9659220518459517e-05,0.00011140224960460393,1.8794117647058823
526,1121101,2017-08-28,1178,30-34,M,15,17,21,29945,1,1,2,1,6.678911337451995e-05,3.3394556687259975e-05,1.0
527,1121102,2017-08-25,1178,30-34,M,15,18,20,357856,30,52,7,3,1.9560940713583117e-05,8.383260305821336e-05,1.7333333333333334
528,1121104,2017-08-25,1178,30-34,M,16,20,20,2080666,202,360,40,21,1.922461365735779e-05,9.708429896965683e-05,1.7821782178217822
529,1121105,2017-08-26,1178,30-34,M,16,22,19,145999,9,16,5,2,3.4246809909656915e-05,6.164425783738245e-05,1.7777777777777777
530,1121107,2017-08-26,1178,30-34,M,16,17,19,32616,1,1,2,0,6.13195977434388e-05,3.06597988717194e-05,1.0
531,1121108,2017-08-26,1178,30-34,M,16,20,18,984521,95,163,26,14,2.640878152929191e-05,9.64936248185666e-05,1.7157894736842105
532,1121110,2017-08-26,1178,30-34,M,18,20,22,880814,123,210,6,2,6.8118808284155335e-06,0.00013964355698251843,1.7073170731707317
533,1121111,2017-08-26,1178,30-34,M,18,19,21,182452,20,35,4,1,2.1923574419573366e-05,0.00010961787209786684,1.75
534,1121113,2017-08-27,1178,30-34,M,18,24,24,894911,120,215,7,4,7.822006881131196e-06,0.00013409154653367766,1.7916666666666667
535,1121114,2017-08-27,1178,30-34,M,18,23,23,31349,2,3,1,0,3.1898944144948805e-05,6.379788828989761e-05,1.5
536,1121115,2017-08-26,1178,30-34,M,19,21,21,410310,55,96,3,0,7.311544929443591e-06,0.0001340449903731325,1.7454545454545454
537,1121116,2017-08-26,1178,30-34,M,19,20,24,572450,89,157,7,4,1.2228142195824963e-05,0.00015547209363263168,1.7640449438202248
538,1121117,2017-08-26,1178,30-34,M,19,24,25,98759,15,26,1,1,1.012565943357061e-05,0.00015188489150355918,1.7333333333333334
539,1121119,2017-08-25,1178,30-34,M,19,21,22,345371,54,93,7,3,2.0268059564931624e-05,0.00015635360235804395,1.7222222222222223
540,1121121,2017-08-25,1178,30-34,M,20,22,25,323899,46,78,5,1,1.54369108888882e-05,0.00014201958017777148,1.6956521739130435
541,1121122,2017-08-25,1178,30-34,M,20,21,25,399199,58,103,3,0,7.515048885393e-06,0.000145290945117598,1.7758620689655173
542,1121123,2017-08-25,1178,30-34,M,20,24,22,171202,22,36,3,1,1.7523159776170838e-05,0.0001285031716919195,1.6363636363636365
543,1121124,2017-08-26,1178,30-34,M,20,26,24,128386,15,28,2,1,1.5578022525820573e-05,0.00011683516894365429,1.8666666666666667
544,1121125,2017-08-26,1178,30-34,M,20,26,24,1034284,152,257,20,9,1.9337048624942473e-05,0.0001469615695495628,1.6907894736842106
545,1121126,2017-08-26,1178,30-34,M,20,21,24,45923,5,7,2,0,4.3551161727239074e-05,0.00010887790431809768,1.4
546,1121127,2017-08-26,1178,30-34,M,21,23,22,40873,4,7,2,1,4.8932057837692364e-05,9.786411567538473e-05,1.75
547,1121128,2017-08-26,1178,30-34,M,21,26,22,286553,34,62,2,1,6.9795116435702995e-06,0.00011865169794069509,1.8235294117647058
548,1121129,2017-08-28,1178,30-34,M,21,25,25,20618,1,2,2,1,9.700261907071492e-05,4.850130953535746e-05,2.0
549,1121131,2017-08-28,1178,30-34,M,21,27,25,83591,7,14,2,2,2.3926020743859986e-05,8.374107260350995e-05,2.0
550,1121132,2017-08-21,1178,30-34,M,21,23,27,114923,12,23,4,2,3.480591352470785e-05,0.00010441774057412354,1.9166666666666667
551,1121133,2017-08-21,1178,30-34,M,22,25,23,25002,1,1,1,0,3.999680025597952e-05,3.999680025597952e-05,1.0
552,1121134,2017-08-21,1178,30-34,M,22,27,28,68905,5,9,1,0,1.4512734924896597e-05,7.256367462448299e-05,1.8
553,1121136,2017-08-21,1178,30-34,M,22,26,26,169588,16,27,1,0,5.89664363044555e-06,9.43462980871288e-05,1.6875
554,1121138,2017-08-21,1178,30-34,M,22,26,24,328991,35,67,5,2,1.5197984139383753e-05,0.00010638588897568627,1.9142857142857144
555,1121141,2017-08-21,1178,30-34,M,23,29,27,23198,2,2,1,0,4.3107164410725064e-05,8.621432882145013e-05,1.0
556,1121142,2017-08-21,1178,30-34,M,23,24,27,26890,2,3,1,0,3.7188545927854223e-05,7.437709185570845e-05,1.5
557,1121143,2017-08-21,1178,30-34,M,23,28,27,221695,31,52,5,2,2.255350819820023e-05,0.00013983175082884144,1.6774193548387097
558,1121152,2017-08-20,1178,30-34,M,24,29,28,88443,7,13,1,1,1.1306717320760264e-05,7.914702124532185e-05,1.8571428571428572
559,1121153,2017-08-20,1178,30-34,M,24,27,30,187856,23,38,5,1,2.661613150498254e-05,0.00012243420492291968,1.6521739130434783
560,1121164,2017-08-19,1178,30-34,M,25,31,30,570699,80,138,9,2,1.577013451924745e-05,0.00014017897350442177,1.725
561,1121167,2017-08-19,1178,30-34,M,25,29,31,1063508,145,260,23,7,2.162654159630205e-05,0.00013634124049842597,1.793103448275862
562,1121168,2017-08-19,1178,30-34,M,25,27,28,50523,6,8,1,0,1.9792965580032857e-05,0.00011875779348019714,1.3333333333333333
563,1121172,2017-08-20,1178,30-34,M,26,30,28,87935,9,15,1,0,1.1372036163074999e-05,0.00010234832546767499,1.6666666666666667
564,1121173,2017-08-20,1178,30-34,M,26,31,32,278225,33,60,3,0,1.0782639949681014e-05,0.00011860903944649115,1.8181818181818181
565,1121175,2017-08-20,1178,30-34,M,26,28,29,209461,20,34,1,0,4.774158435221831e-06,9.548316870443663e-05,1.7
566,1121177,2017-08-20,1178,30-34,M,26,28,29,26316,2,3,3,0,0.00011399908800729594,7.599939200486396e-05,1.5
567,1121181,2017-08-20,1178,30-34,M,27,32,29,41030,3,5,2,1,4.874482086278333e-05,7.3117231294175e-05,1.6666666666666667
568,1121182,2017-08-20,1178,30-34,M,27,28,33,876671,120,216,22,4,2.509493299082552e-05,0.0001368814526772301,1.8
569,1121183,2017-08-21,1178,30-34,M,27,32,29,399392,53,93,5,0,1.2519028923964427e-05,0.00013270170659402292,1.7547169811320755
570,1121184,2017-08-22,1178,30-34,M,27,31,29,283858,30,56,1,0,3.522888204665713e-06,0.00010568664613997139,1.8666666666666667
571,1121185,2017-08-23,1178,30-34,M,27,28,29,260699,31,54,5,2,1.9179206671295248e-05,0.00011891108136203054,1.7419354838709677
572,1121193,2017-08-23,1178,30-34,M,28,34,29,57781,5,7,2,1,3.461345424966685e-05,8.653363562416712e-05,1.4
573,1121195,2017-08-23,1178,30-34,M,28,34,33,38757,3,5,1,0,2.5801790644270712e-05,7.740537193281214e-05,1.6666666666666667
574,1121196,2017-08-23,1178,30-34,M,28,29,29,1392288,206,358,31,7,2.2265508285642052e-05,0.00014795789376910524,1.7378640776699028
575,1121197,2017-08-23,1178,30-34,M,28,30,32,1109387,159,280,13,2,1.17181831047236e-05,0.00014332239335777326,1.7610062893081762
576,1121202,2017-08-28,1178,30-34,M,29,32,34,581281,65,115,10,5,1.720338356147887e-05,0.00011182199314961266,1.7692307692307692
577,1121203,2017-08-23,1178,30-34,M,29,35,33,1048861,128,219,22,8,2.097513397866829e-05,0.0001220371431486155,1.7109375
578,1121205,2017-08-23,1178,30-34,M,29,32,30,297452,30,52,4,1,1.344754783965144e-05,0.00010085660879738579,1.7333333333333334
579,1121206,2017-08-23,1178,30-34,M,29,34,31,227925,22,35,22,12,9.652297905012614e-05,9.652297905012614e-05,1.5909090909090908
580,1121207,2017-08-23,1178,30-34,M,29,34,31,374175,38,63,8,3,2.1380370147658182e-05,0.00010155675820137636,1.6578947368421053
581,1121211,2017-08-23,1178,30-34,M,30,32,31,223586,32,54,1,0,4.472551948690884e-06,0.0001431216623581083,1.6875
582,1121213,2017-08-22,1178,30-34,M,30,31,35,283170,39,65,2,1,7.0628950806935765e-06,0.00013772645407352473,1.6666666666666667
583,1121215,2017-08-22,1178,30-34,M,30,31,34,41636,3,4,1,0,2.4017677010279567e-05,7.20530310308387e-05,1.3333333333333333
584,1121216,2017-08-22,1178,30-34,M,30,32,34,198658,30,48,8,1,4.027021313010299e-05,0.0001510132992378862,1.6
585,1121220,2017-08-22,1178,30-34,M,31,37,35,100596,10,13,4,2,3.9763012445822895e-05,9.940753111455723e-05,1.3
586,1121223,2017-08-22,1178,30-34,M,31,37,35,64020,5,11,1,0,1.562011871290222e-05,7.810059356451109e-05,2.2
587,1121224,2017-08-23,1178,30-34,M,31,32,33,14289,0,0,1,0,6.998390370214851e-05,0.0,0.0
588,1121229,2017-08-22,1178,30-34,M,32,36,37,404866,43,87,4,0,9.879812085974125e-06,0.00010620797992422184,2.0232558139534884
589,1121231,2017-08-22,1178,30-34,M,32,36,35,22256,1,1,1,1,4.4931703810208485e-05,4.4931703810208485e-05,1.0
590,1121233,2017-08-22,1178,30-34,M,32,34,36,57690,4,6,1,0,1.7334026694401108e-05,6.933610677760443e-05,1.5
591,1121241,2017-08-27,1178,30-34,M,36,40,37,24952,5,8,3,2,0.00012023084321898044,0.00020038473869830073,1.6
592,1121242,2017-08-27,1178,30-34,M,36,37,39,38900,3,5,1,0,2.570694087403599e-05,7.712082262210797e-05,1.6666666666666667
593,1121243,2017-08-22,1178,30-34,M,36,42,42,53520,6,9,1,1,1.868460388639761e-05,0.00011210762331838565,1.5
594,1121244,2017-08-22,1178,30-34,M,36,41,41,181683,20,34,2,1,1.1008184585239126e-05,0.00011008184585239125,1.7
595,1121245,2017-08-22,1178,30-34,M,36,37,40,29185,2,3,1,0,3.42641768031523e-05,6.85283536063046e-05,1.5
596,1121246,2017-08-22,1178,30-34,M,36,41,38,105047,13,20,3,1,2.8558645177872763e-05,0.0001237541291041153,1.5384615384615385
597,1121250,2017-08-22,1178,30-34,M,63,67,64,287976,31,59,3,2,1.0417534794566213e-05,0.00010764785954385087,1.903225806451613
598,1121251,2017-08-23,1178,30-34,M,63,65,69,212175,22,38,2,1,9.426181218333922e-06,0.00010368799340167315,1.7272727272727273
599,1121252,2017-08-23,1178,30-34,M,63,69,67,11139,0,0,1,1,8.977466558937069e-05,0.0,0.0
600,1121254,2017-08-22,1178,30-34,M,63,64,65,124005,11,21,4,1,3.2256763840167736e-05,8.870610056046127e-05,1.9090909090909092
601,1121255,2017-08-22,1178,30-34,M,63,64,67,20423,1,1,1,0,4.896440287910689e-05,4.896440287910689e-05,1.0
602,1121261,2017-08-22,1178,30-34,M,64,67,65,103001,14,22,1,0,9.70864360540189e-06,0.00013592101047562644,1.5714285714285714
603,1121262,2017-08-30,1178,30-34,M,64,66,67,447420,66,110,7,2,1.564525501765679e-05,0.00014751240445219258,1.6666666666666667
604,1121263,2017-08-30,1178,30-34,M,64,66,69,156101,19,29,2,2,1.2812217730828118e-05,0.00012171606844286712,1.5263157894736843
605,1121264,2017-08-30,1178,30-34,M,64,70,67,93015,12,18,1,0,1.0750954147180562e-05,0.00012901144976616675,1.5
606,1121265,2017-08-22,1178,30-34,M,65,70,68,145398,23,36,1,0,6.877673695649183e-06,0.00015818649499993123,1.565217391304348
607,1121269,2017-08-22,1178,30-34,M,65,67,67,296413,50,76,3,1,1.0121013585773904e-05,0.0001686835597628984,1.52
608,1121273,2017-08-22,1178,30-34,M,2,4,4,9370,0,0,1,1,0.00010672358591248666,0.0,0.0
609,1121274,2017-08-22,1178,30-34,M,2,4,7,63785,7,11,6,2,9.406600297875676e-05,0.00010974367014188289,1.5714285714285714
610,1121275,2017-08-22,1178,30-34,M,2,8,3,118522,14,26,2,1,1.687450431143585e-05,0.00011812153018005096,1.8571428571428572
611,1121276,2017-08-22,1178,30-34,M,2,5,5,240123,38,65,5,4,2.082266171920224e-05,0.00015825222906593704,1.7105263157894737
612,1121277,2017-08-23,1178,30-34,M,7,9,13,169108,20,32,2,1,1.1826761596139745e-05,0.00011826761596139745,1.6
613,1121278,2017-08-23,1178,30-34,M,7,13,10,1044442,142,245,22,8,2.1063879085674455e-05,0.00013595776500753513,1.7253521126760563
614,1121279,2017-08-24,1178,30-34,M,7,10,13,93891,11,17,5,3,5.325324045968197e-05,0.00011715712901130034,1.5454545454545454
615,1121282,2017-08-24,1178,30-34,M,7,11,10,185823,25,38,4,1,2.1525860630815347e-05,0.0001345366289425959,1.52
616,1121284,2017-08-24,1178,30-34,M,66,68,70,175631,23,40,1,0,5.693755658169686e-06,0.00013095638013790276,1.7391304347826086
617,1121285,2017-08-24,1178,30-34,M,66,68,70,37187,4,6,1,0,2.6891117863769597e-05,0.00010756447145507839,1.5
618,1121286,2017-08-24,1178,30-34,M,66,67,69,10991,0,0,1,0,9.09835319807115e-05,0.0,0.0
619,1121287,2017-08-24,1178,30-34,M,66,69,69,344618,51,89,3,1,8.705291075915941e-06,0.00014798994829057102,1.7450980392156863
620,1121289,2017-08-24,1178,35-39,M,10,14,13,98066,9,16,1,0,1.0197214121102114e-05,9.177492708991904e-05,1.7777777777777777
621,1121290,2017-08-24,1178,35-39,M,10,13,12,770749,100,189,13,3,1.686671017412932e-05,0.0001297439244163794,1.89
622,1121291,2017-08-24,1178,35-39,M,10,16,14,52553,5,8,1,0,1.9028409415256978e-05,9.514204707628489e-05,1.6
623,1121292,2017-08-23,1178,35-39,M,10,15,16,362296,39,67,7,3,1.9321218009583324e-05,0.0001076467860533928,1.7179487179487178
624,1121293,2017-08-23,1178,35-39,M,10,16,13,427729,50,96,4,1,9.35171568913962e-06,0.00011689644611424524,1.92
625,1121296,2017-08-23,1178,35-39,M,15,17,19,180351,21,37,1,1,5.544743306108644e-06,0.00011643960942828152,1.7619047619047619
626,1121297,2017-08-23,1178,35-39,M,15,16,16,187329,29,53,2,1,1.0676403546701258e-05,0.00015480785142716824,1.8275862068965518
627,1121300,2017-08-23,1178,35-39,M,15,16,17,782894,118,192,5,2,6.386560632729335e-06,0.0001507228309324123,1.6271186440677967
628,1121302,2017-08-23,1178,35-39,M,16,17,22,1206533,128,236,17,6,1.4089958583809975e-05,0.00010608909992515746,1.84375
629,1121303,2017-08-23,1178,35-39,M,16,19,21,84494,7,12,2,0,2.3670319786020308e-05,8.284611925107108e-05,1.7142857142857142
630,1121304,2017-08-23,1178,35-39,M,16,17,20,94257,7,12,1,1,1.0609291617598694e-05,7.426504132319085e-05,1.7142857142857142
631,1121309,2017-08-23,1178,35-39,M,18,24,20,131060,16,28,2,1,1.5260186174271325e-05,0.0001220814893941706,1.75
632,1121310,2017-08-23,1178,35-39,M,18,21,19,341603,50,83,4,2,1.1709499038357392e-05,0.0001463687379794674,1.66
633,1121311,2017-08-30,1178,35-39,M,18,20,24,140749,19,30,1,1,7.104846215603663e-06,0.0001349920780964696,1.5789473684210527
634,1121312,2017-08-30,1178,35-39,M,18,19,21,102525,13,20,2,1,1.950743721043648e-05,0.00012679834186783711,1.5384615384615385
635,1121316,2017-08-28,1178,35-39,M,19,23,23,447952,68,131,8,1,1.7859056327463655e-05,0.0001518019787834411,1.9264705882352942
636,1121317,2017-08-28,1178,35-39,M,19,25,23,76355,9,14,2,0,2.6193438543644817e-05,0.00011787047344640168,1.5555555555555556
637,1121319,2017-08-28,1178,35-39,M,20,26,26,256598,38,64,6,1,2.338287905595523e-05,0.0001480915673543831,1.6842105263157894
638,1121321,2017-08-28,1178,35-39,M,20,21,21,127476,21,30,3,2,2.3533841664313284e-05,0.000164736891650193,1.4285714285714286
639,1121322,2017-08-28,1178,35-39,M,20,22,24,237603,37,62,5,2,2.1043505342946008e-05,0.00015572193953780045,1.6756756756756757
640,1121327,2017-08-28,1178,35-39,M,21,22,22,271091,42,78,3,1,1.1066394679277438e-05,0.00015492952550988414,1.8571428571428572
641,1121330,2017-08-28,1178,35-39,M,21,23,22,21743,2,3,1,0,4.599181345720462e-05,9.198362691440924e-05,1.5
642,1121333,2017-08-28,1178,35-39,M,22,25,25,88970,10,14,2,0,2.2479487467685737e-05,0.00011239743733842868,1.4
643,1121334,2017-08-28,1178,35-39,M,22,24,26,108362,13,22,1,1,9.228327273398423e-06,0.00011996825455417951,1.6923076923076923
644,1121335,2017-08-28,1178,35-39,M,22,25,23,188596,27,44,3,0,1.5907018176419437e-05,0.00014316316358777492,1.6296296296296295
645,1121336,2017-08-27,1178,35-39,M,22,24,24,275080,43,69,4,3,1.4541224371092046e-05,0.0001563181619892395,1.6046511627906976
646,1121337,2017-08-27,1178,35-39,M,23,28,28,64647,10,16,1,0,1.5468621900474885e-05,0.00015468621900474887,1.6
647,1121338,2017-08-27,1178,35-39,M,23,27,24,31265,4,5,1,0,3.1984647369262754e-05,0.00012793858947705101,1.25
648,1121340,2017-08-27,1178,35-39,M,23,27,28,140147,24,42,2,0,1.4270730019194132e-05,0.00017124876023032957,1.75
649,1121341,2017-08-27,1178,35-39,M,23,26,27,223120,40,67,1,0,4.481893151667264e-06,0.00017927572606669058,1.675
650,1121342,2017-08-28,1178,35-39,M,23,29,27,104869,18,34,1,0,9.535706452812557e-06,0.00017164271615062603,1.8888888888888888
651,1121344,2017-08-28,1178,35-39,M,24,27,27,165177,23,41,4,1,2.4216446599708193e-05,0.0001392445679483221,1.7826086956521738
652,1121345,2017-08-27,1178,35-39,M,24,29,29,84194,11,19,1,0,1.1877330926194266e-05,0.0001306506401881369,1.7272727272727273
653,1121347,2017-08-27,1178,35-39,M,24,25,28,220581,31,57,1,1,4.533482031543968e-06,0.00014053794297786302,1.8387096774193548
654,1121350,2017-08-29,1178,35-39,M,25,27,31,75804,10,17,2,1,2.63838319877579e-05,0.00013191915993878952,1.7
655,1121352,2017-08-29,1178,35-39,M,25,30,29,368986,59,100,0,0,0.0,0.0001598976654940838,1.694915254237288
656,1121353,2017-08-30,1178,35-39,M,25,30,27,28194,3,3,2,0,7.093707881109456e-05,0.00010640561821664184,1.0
657,1121355,2017-08-29,1178,35-39,M,26,29,27,99961,14,23,1,0,1.0003901521593421e-05,0.0001400546213023079,1.6428571428571428
658,1121359,2017-08-29,1178,35-39,M,26,28,27,7573,0,0,1,0,0.00013204806549584047,0.0,0.0
659,1121361,2017-08-30,1178,35-39,M,27,28,33,685781,103,177,10,1,1.4581914634555346e-05,0.00015019372073592007,1.7184466019417475
660,1121364,2017-08-30,1178,35-39,M,27,30,28,274222,43,66,2,1,7.293360853614954e-06,0.0001568072583527215,1.5348837209302326
661,1121365,2017-08-30,1178,35-39,M,27,33,31,110503,25,32,4,0,3.61981122684452e-05,0.0002262382016777825,1.28
662,1121367,2017-08-30,1178,35-39,M,28,31,29,1447755,233,420,11,8,7.597970651111549e-06,0.00016093883288263554,1.8025751072961373
663,1121368,2017-08-30,1178,35-39,M,28,33,31,358987,52,87,1,0,2.785616192229802e-06,0.00014485204199594972,1.6730769230769231
664,1121369,2017-08-30,1178,35-39,M,28,33,31,826205,125,232,5,1,6.051766813321149e-06,0.00015129417033302872,1.856
665,1121370,2017-08-29,1178,35-39,M,28,33,32,550954,84,150,3,0,5.445100679911572e-06,0.000152462819037524,1.7857142857142858
666,1121372,2017-08-29,1178,35-39,M,28,34,34,378350,55,96,4,0,1.0572221488040175e-05,0.0001453680454605524,1.7454545454545454
667,1121373,2017-08-29,1178,35-39,M,29,32,33,492784,56,95,7,4,1.4205006656060262e-05,0.0001136400532484821,1.6964285714285714
668,1121374,2017-08-29,1178,35-39,M,29,34,35,327158,43,72,6,2,1.8339762438943874e-05,0.00013143496414576444,1.6744186046511629
669,1121375,2017-08-29,1178,35-39,M,29,31,35,9921,0,0,1,0,0.00010079629069650237,0.0,0.0
670,1121377,2017-08-29,1178,35-39,M,29,34,30,59390,5,9,5,3,8.418925745074928e-05,8.418925745074928e-05,1.8
671,1121378,2017-08-29,1178,35-39,M,29,33,33,1040330,147,254,13,2,1.2496034911999077e-05,0.0001413013178510665,1.727891156462585
672,1121379,2017-08-29,1178,35-39,M,30,31,35,49422,6,11,1,0,2.0233903929424145e-05,0.00012140342357654485,1.8333333333333333
673,1121380,2017-08-29,1178,35-39,M,30,35,32,131091,18,34,3,1,2.288486623795684e-05,0.00013730919742774102,1.8888888888888888
674,1121381,2017-08-29,1178,35-39,M,30,31,36,95691,15,25,1,1,1.0450303581319037e-05,0.00015675455371978557,1.6666666666666667
675,1121390,2017-08-29,1178,35-39,M,31,32,36,15513,1,1,1,0,6.44620640752917e-05,6.44620640752917e-05,1.0
676,1121391,2017-08-20,1178,35-39,M,32,33,33,382537,63,113,4,3,1.0456504860967698e-05,0.00016468995156024123,1.7936507936507937
677,1121394,2017-08-20,1178,35-39,M,32,37,33,461356,64,121,6,3,1.3005141365886646e-05,0.0001387215079027909,1.890625
678,1121395,2017-08-23,1178,35-39,M,32,38,34,392541,53,98,3,2,7.64251377563108e-06,0.00013501774336948242,1.849056603773585
679,1121398,2017-08-23,1178,35-39,M,36,39,38,35088,5,8,1,1,2.8499772001823985e-05,0.00014249886000911993,1.6
680,1121400,2017-08-23,1178,35-39,M,36,38,41,53933,6,9,3,1,5.5624571227263456e-05,0.00011124914245452691,1.5
681,1121403,2017-08-24,1178,35-39,M,63,65,68,228861,33,53,4,2,1.7477857738976934e-05,0.0001441923263465597,1.606060606060606
682,1121405,2017-08-24,1178,35-39,M,63,66,69,20959,2,3,1,1,4.771220000954244e-05,9.542440001908489e-05,1.5
683,1121410,2017-08-24,1178,35-39,M,64,68,70,24992,2,3,1,0,4.001280409731114e-05,8.002560819462228e-05,1.5
684,1121411,2017-08-24,1178,35-39,M,64,70,65,100351,15,24,2,1,1.993004554015406e-05,0.00014947534155115546,1.6
685,1121412,2017-08-24,1178,35-39,M,64,68,70,292448,43,76,2,1,6.8388226282963124e-06,0.00014703468650837073,1.7674418604651163
686,1121413,2017-08-23,1178,35-39,M,64,67,69,65060,7,14,1,1,1.537042729787888e-05,0.00010759299108515216,2.0
687,1121414,2017-08-23,1178,35-39,M,64,70,66,133316,21,36,2,0,1.500195025353296e-05,0.00015752047766209607,1.7142857142857142
688,1121415,2017-08-23,1178,35-39,M,65,66,71,113501,26,38,5,4,4.405247530858759e-05,0.00022907287160465545,1.4615384615384615
689,1121418,2017-08-23,1178,35-39,M,65,71,70,192810,41,61,4,3,2.074581193921477e-05,0.0002126445723769514,1.4878048780487805
690,1121421,2017-08-21,1178,35-39,M,2,8,6,233404,43,70,2,1,8.568833439015613e-06,0.00018422991893883567,1.627906976744186
691,1121422,2017-08-23,1178,35-39,M,2,7,7,128843,24,37,2,0,1.5522768019993324e-05,0.00018627321623991992,1.5416666666666667
692,1121423,2017-08-23,1178,35-39,M,2,5,7,63564,12,20,2,0,3.146435089044113e-05,0.00018878610534264677,1.6666666666666667
693,1121425,2017-08-23,1178,35-39,M,2,8,7,85970,14,24,1,1,1.1631964638827498e-05,0.00016284750494358497,1.7142857142857142
694,1121428,2017-08-23,1178,35-39,M,7,9,13,131232,16,29,1,1,7.62009266032675e-06,0.000121921482565228,1.8125
695,1121429,2017-08-23,1178,35-39,M,7,13,9,152454,22,37,1,1,6.559355608904981e-06,0.0001443058233959096,1.6818181818181819
696,1121430,2017-08-23,1178,35-39,M,7,10,9,28989,2,2,1,0,3.4495843250888266e-05,6.899168650177653e-05,1.0
697,1121433,2017-08-24,1178,35-39,M,66,69,72,80248,15,24,1,1,1.2461369753763333e-05,0.00018692054630645,1.6
698,1121437,2017-08-24,1178,35-39,M,66,68,68,38580,5,8,1,0,2.592016588906169e-05,0.00012960082944530845,1.6
699,1121439,2017-08-25,1178,40-44,M,10,11,15,621591,91,163,5,1,8.043874509122558e-06,0.00014639851606603057,1.7912087912087913
700,1121440,2017-08-25,1178,40-44,M,10,15,11,250499,36,58,3,1,1.1976095712956937e-05,0.00014371314855548325,1.6111111111111112
701,1121442,2017-08-25,1178,40-44,M,10,15,14,131637,18,29,2,1,1.5193296717488245e-05,0.0001367396704573942,1.6111111111111112
702,1121443,2017-08-25,1178,40-44,M,10,12,15,463813,69,116,4,2,8.624165342497947e-06,0.00014876685215808958,1.681159420289855
703,1121444,2017-08-25,1178,40-44,M,10,13,12,211767,35,60,5,1,2.361085532684507e-05,0.0001652759872879155,1.7142857142857142
704,1121446,2017-08-25,1178,40-44,M,15,17,17,163181,26,40,1,1,6.12816443090801e-06,0.00015933227520360826,1.5384615384615385
705,1121451,2017-08-25,1178,40-44,M,16,20,18,1117385,147,260,11,2,9.844413519064601e-06,0.00013155716248204513,1.7687074829931972
706,1121452,2017-08-25,1178,40-44,M,16,21,22,1663441,205,359,17,6,1.0219779360975231e-05,0.00012323851582352486,1.751219512195122
707,1121453,2017-08-25,1178,40-44,M,16,18,17,455248,54,105,5,2,1.0983024637120867e-05,0.00011861666608090535,1.9444444444444444
708,1121454,2017-08-25,1178,40-44,M,16,22,20,75589,6,10,1,1,1.3229438145761949e-05,7.93766288745717e-05,1.6666666666666667
709,1121455,2017-08-24,1178,40-44,M,16,21,22,594267,82,143,3,2,5.048235893966853e-06,0.000137985114435094,1.7439024390243902
710,1121456,2017-08-24,1178,40-44,M,16,22,22,315281,35,65,1,0,3.171773751034791e-06,0.00011101208128621769,1.8571428571428572
711,1121464,2017-08-24,1178,40-44,M,19,23,25,363456,71,117,7,1,1.9259552738158127e-05,0.000195346892058461,1.647887323943662
712,1121466,2017-08-24,1178,40-44,M,19,23,25,438983,81,143,3,1,6.833977625557254e-06,0.00018451739589004585,1.7654320987654322
713,1121467,2017-08-24,1178,40-44,M,19,20,24,42563,5,9,1,1,2.349458449827315e-05,0.00011747292249136574,1.8
714,1121469,2017-08-25,1178,40-44,M,20,26,21,399035,75,124,7,3,1.7542320849048328e-05,0.00018795343766837497,1.6533333333333333
715,1121471,2017-08-24,1178,40-44,M,20,21,26,304680,59,98,3,0,9.846396218983852e-06,0.00019364579230668241,1.6610169491525424
716,1121472,2017-08-24,1178,40-44,M,20,21,25,140596,23,40,1,0,7.112577882727816e-06,0.00016358929130273978,1.7391304347826086
717,1121473,2017-08-24,1178,40-44,M,20,25,22,439986,80,134,4,3,9.091198356311338e-06,0.00018182396712622674,1.675
718,1121474,2017-08-21,1178,40-44,M,20,26,26,75803,11,19,2,2,2.6384180045644633e-05,0.00014511299025104547,1.7272727272727273
719,1121477,2017-08-21,1178,40-44,M,21,27,22,7073,0,0,1,0,0.0001413827230312456,0.0,0.0
720,1121481,2017-08-19,1178,40-44,M,22,27,25,153586,28,43,2,0,1.3022020236219447e-05,0.00018230828330707225,1.5357142857142858
721,1121482,2017-08-19,1178,40-44,M,22,24,24,180815,31,42,1,0,5.530514614384869e-06,0.00017144595304593093,1.3548387096774193
722,1121483,2017-08-19,1178,40-44,M,22,26,23,253169,51,75,1,0,3.949930678716589e-06,0.000201446464614546,1.4705882352941178
723,1121484,2017-08-19,1178,40-44,M,22,28,27,34453,5,7,1,1,2.9025048616956432e-05,0.00014512524308478217,1.4
724,1121487,2017-08-19,1178,40-44,M,23,25,26,51550,8,14,1,0,1.9398642095053345e-05,0.00015518913676042676,1.75
725,1121489,2017-08-19,1178,40-44,M,23,28,24,110018,24,39,1,0,9.089421730989475e-06,0.00021814612154374738,1.625
726,1121493,2017-08-19,1178,40-44,M,24,28,30,137584,21,36,1,0,7.268287010117455e-06,0.00015263402721246656,1.7142857142857142
727,1121497,2017-08-19,1178,40-44,M,24,25,27,209825,30,54,1,0,4.765876325509353e-06,0.0001429762897652806,1.8
728,1121499,2017-08-19,1178,40-44,M,25,27,31,264222,63,87,1,1,3.7846962024358306e-06,0.0002384358607534573,1.380952380952381
729,1121510,2017-08-19,1178,40-44,M,26,30,31,31202,5,6,1,0,3.204922761361451e-05,0.00016024613806807256,1.2
730,1121511,2017-08-18,1178,40-44,M,27,29,32,252991,49,76,3,0,1.1858129340569427e-05,0.00019368277922930064,1.5510204081632653
731,1121514,2017-08-18,1178,40-44,M,27,31,30,56265,9,15,1,0,1.777303830089754e-05,0.00015995734470807785,1.6666666666666667
732,1121523,2017-08-18,1178,40-44,M,29,32,34,76923,11,17,2,2,2.6000026000026e-05,0.000143000143000143,1.5454545454545454
733,1121524,2017-08-18,1178,40-44,M,29,30,35,209332,30,49,3,1,1.4331301473257791e-05,0.00014331301473257793,1.6333333333333333
734,1121525,2017-08-18,1178,40-44,M,29,32,33,214094,31,53,1,0,4.670845516455388e-06,0.00014479621101011705,1.7096774193548387
735,1121526,2017-08-19,1178,40-44,M,29,35,32,526209,85,126,3,2,5.701156764707559e-06,0.00016153277500004752,1.4823529411764707
736,1121527,2017-08-19,1178,40-44,M,29,35,35,741143,120,179,4,1,5.397069121613508e-06,0.00016191207364840522,1.4916666666666667
737,1121528,2017-08-19,1178,40-44,M,29,33,31,172827,25,38,2,0,1.1572265907526023e-05,0.0001446533238440753,1.52
738,1121530,2017-08-19,1178,40-44,M,30,36,33,188873,38,58,1,1,5.294563013241702e-06,0.0002011933945031847,1.5263157894736843
739,1121532,2017-08-19,1178,40-44,M,30,35,32,123126,25,39,2,1,1.6243522895245522e-05,0.000203044036190569,1.56
740,1121535,2017-08-20,1178,40-44,M,31,33,32,77794,14,19,1,1,1.2854461783685117e-05,0.00017996246497159165,1.3571428571428572
741,1121541,2017-08-21,1178,40-44,M,32,33,37,56630,9,15,1,1,1.7658484901995407e-05,0.00015892636411795867,1.6666666666666667
742,1121544,2017-08-21,1178,40-44,M,32,33,36,400844,85,140,4,2,9.978944427258485e-06,0.0002120525690792428,1.6470588235294117
743,1121545,2017-08-20,1178,40-44,M,32,33,35,208572,36,60,2,1,9.589014824616919e-06,0.00017260226684310455,1.6666666666666667
744,1121548,2017-08-21,1178,40-44,M,36,38,37,59004,8,13,1,0,1.6948003525184733e-05,0.00013558402820147786,1.625
745,1121551,2017-08-21,1178,40-44,M,36,40,39,196253,32,55,1,0,5.0954635088380814e-06,0.0001630548322828186,1.71875
746,1121554,2017-08-21,1178,40-44,M,63,64,66,51858,8,12,1,1,1.9283427822129663e-05,0.0001542674225770373,1.5
747,1121557,2017-08-21,1178,40-44,M,63,68,64,280764,49,81,2,1,7.1234203815303955e-06,0.00017452379934749469,1.653061224489796
748,1121561,2017-08-21,1178,40-44,M,64,69,70,63660,11,16,1,1,1.5708451146716935e-05,0.00017279296261388626,1.4545454545454546
749,1121562,2017-08-20,1178,40-44,M,64,65,67,109289,19,31,1,0,9.150051697792093e-06,0.00017385098225804977,1.631578947368421
750,1121568,2017-08-20,1178,40-44,M,65,70,70,188440,40,60,2,1,1.0613457864572277e-05,0.00021226915729144556,1.5
751,1121571,2017-08-20,1178,40-44,M,2,3,5,212496,44,74,2,1,9.411941871846999e-06,0.000207062721180634,1.6818181818181819
752,1121572,2017-08-20,1178,40-44,M,2,6,3,32574,5,7,1,0,3.069933075458955e-05,0.00015349665377294776,1.4
753,1121575,2017-08-20,1178,40-44,M,2,4,5,128595,23,36,1,1,7.776352113223686e-06,0.00017885609860414478,1.565217391304348
754,1121577,2017-08-20,1178,40-44,M,7,9,11,242234,48,68,2,0,8.256479272108788e-06,0.0001981555025306109,1.4166666666666667
755,1121584,2017-08-20,1178,40-44,M,66,67,67,33154,5,7,1,1,3.016227302889546e-05,0.00015081136514447728,1.4
756,1121585,2017-08-20,1178,40-44,M,66,72,68,9773,1,1,1,0,0.00010232272587741738,0.00010232272587741738,1.0
757,1121589,2017-08-20,1178,45-49,M,10,16,11,464036,77,123,3,1,6.465015645337862e-06,0.00016593540156367178,1.5974025974025974
758,1121590,2017-08-20,1178,45-49,M,10,16,15,478480,75,135,3,1,6.269854539374686e-06,0.00015674636348436715,1.8
759,1121592,2017-08-20,1178,45-49,M,10,14,11,428812,66,116,4,2,9.328097161460034e-06,0.00015391360316409055,1.7575757575757576
760,1121593,2017-08-26,1178,45-49,M,10,16,16,1177535,221,365,15,3,1.2738474864866012e-05,0.00018768019634235925,1.6515837104072397
